date,brwiki (100+),brwiki (5+),brwiki (all)
2012/08/19,6,17,109
2012/08/20,6,17,109
2012/08/21,6,18,109
2012/08/22,6,19,106
2012/08/23,6,19,105
2012/08/24,6,20,106
2012/08/25,6,19,106
2012/08/26,6,19,106
2012/08/27,6,19,106
2012/08/28,6,19,103
2012/08/29,7,19,105
2012/08/30,7,20,108
2012/08/31,7,20,108
2012/09/01,7,20,107
2012/09/02,7,20,108
2012/09/03,7,20,110
2012/09/04,6,20,112
2012/09/05,6,19,110
2012/09/06,6,20,115
2012/09/07,6,20,111
2012/09/08,6,20,110
2012/09/09,6,19,108
2012/09/10,5,18,106
2012/09/11,5,18,104
2012/09/12,5,18,101
2012/09/13,5,18,101
2012/09/14,6,16,101
2012/09/15,6,16,104
2012/09/16,6,15,104
2012/09/17,6,15,106
2012/09/18,6,15,103
2012/09/19,6,15,100
2012/09/20,6,15,100
2012/09/21,6,15,101
2012/09/22,6,16,100
2012/09/23,6,18,101
2012/09/24,7,16,98
2012/09/25,7,17,96
2012/09/26,7,17,95
2012/09/27,7,17,95
2012/09/28,7,17,95
2012/09/29,7,17,92
2012/09/30,7,17,90
2012/10/01,7,17,89
2012/10/02,6,16,88
2012/10/03,6,17,86
2012/10/04,6,16,87
2012/10/05,6,17,87
2012/10/06,6,18,85
2012/10/07,6,20,85
2012/10/08,6,20,85
2012/10/09,6,20,85
2012/10/10,5,22,87
2012/10/11,5,21,86
2012/10/12,5,22,88
2012/10/13,5,22,86
2012/10/14,5,23,89
2012/10/15,5,23,87
2012/10/16,6,24,89
2012/10/17,6,24,91
2012/10/18,6,25,94
2012/10/19,6,27,96
2012/10/20,6,27,101
2012/10/21,6,28,102
2012/10/22,6,28,104
2012/10/23,6,29,102
2012/10/24,6,29,104
2012/10/25,6,29,104
2012/10/26,6,28,106
2012/10/27,6,28,108
2012/10/28,7,27,108
2012/10/29,7,28,106
2012/10/30,7,29,106
2012/10/31,7,29,107
2012/11/01,6,29,109
2012/11/02,6,28,111
2012/11/03,8,28,109
2012/11/04,9,27,115
2012/11/05,9,27,114
2012/11/06,9,26,114
2012/11/07,9,26,116
2012/11/08,9,26,117
2012/11/09,8,25,118
2012/11/10,8,25,121
2012/11/11,8,26,118
2012/11/12,8,26,119
2012/11/13,8,25,113
2012/11/14,8,26,114
2012/11/15,8,26,113
2012/11/16,8,26,111
2012/11/17,8,26,111
2012/11/18,8,26,107
2012/11/19,8,25,103
2012/11/20,8,25,98
2012/11/21,8,24,98
2012/11/22,8,23,100
2012/11/23,8,23,102
2012/11/24,7,23,102
2012/11/25,8,23,101
2012/11/26,8,23,101
2012/11/27,8,23,100
2012/11/28,8,24,102
2012/11/29,6,25,103
2012/11/30,6,26,104
2012/12/01,6,25,107
2012/12/02,6,24,108
2012/12/03,6,21,104
2012/12/04,6,23,105
2012/12/05,5,26,104
2012/12/06,5,26,102
2012/12/07,5,26,101
2012/12/08,5,26,99
2012/12/09,5,26,101
2012/12/10,5,26,99
2012/12/11,5,26,102
2012/12/12,5,26,103
2012/12/13,5,26,106
2012/12/14,5,23,108
2012/12/15,6,23,111
2012/12/16,6,23,112
2012/12/17,6,23,108
2012/12/18,6,22,108
2012/12/19,6,22,110
2012/12/20,6,22,109
2012/12/21,6,23,108
2012/12/22,6,23,112
2012/12/23,6,23,108
2012/12/24,6,23,111
2012/12/25,6,23,110
2012/12/26,6,24,111
2012/12/27,6,24,113
2012/12/28,6,24,107
2012/12/29,6,24,105
2012/12/30,6,24,107
2012/12/31,6,26,105
2013/01/01,6,26,105
2013/01/02,6,25,104
2013/01/03,6,24,100
2013/01/04,6,23,99
2013/01/05,6,23,101
2013/01/06,6,23,100
2013/01/07,6,23,101
2013/01/08,6,22,100
2013/01/09,5,21,99
2013/01/10,5,21,98
2013/01/11,5,21,98
2013/01/12,5,21,98
2013/01/13,6,22,99
2013/01/14,6,22,98
2013/01/15,6,21,101
2013/01/16,6,22,102
2013/01/17,6,22,105
2013/01/18,6,22,104
2013/01/19,6,22,110
2013/01/20,6,22,113
2013/01/21,7,23,115
2013/01/22,7,23,114
2013/01/23,7,23,115
2013/01/24,7,24,115
2013/01/25,7,24,117
2013/01/26,7,24,115
2013/01/27,7,23,116
2013/01/28,7,23,118
2013/01/29,7,23,122
2013/01/30,7,21,121
2013/01/31,7,20,122
2013/02/01,7,20,123
2013/02/02,7,20,124
2013/02/03,7,20,125
2013/02/04,7,21,126
2013/02/05,7,21,131
2013/02/06,7,22,129
2013/02/07,7,21,129
2013/02/08,7,22,128
2013/02/09,7,23,131
2013/02/10,7,24,132
2013/02/11,7,25,133
2013/02/12,7,25,135
2013/02/13,7,26,131
2013/02/14,7,26,128
2013/02/15,7,26,126
2013/02/16,7,27,131
2013/02/17,7,27,133
2013/02/18,7,27,131
2013/02/19,8,26,127
2013/02/20,7,27,127
2013/02/21,7,27,127
2013/02/22,6,27,126
2013/02/23,7,29,128
2013/02/24,7,29,128
2013/02/25,7,30,126
2013/02/26,8,31,127
2013/02/27,8,31,123
2013/02/28,8,30,119
2013/03/01,8,30,121
2013/03/02,7,31,124
2013/03/03,8,36,123
2013/03/04,8,35,119
2013/03/05,8,33,113
2013/03/06,8,31,112
2013/03/07,8,30,108
2013/03/08,8,29,108
2013/03/09,8,30,108
2013/03/10,8,30,108
2013/03/11,8,30,107
2013/03/12,8,31,108
2013/03/13,8,31,107
2013/03/14,7,31,109
2013/03/15,7,31,110
2013/03/16,7,32,109
2013/03/17,7,32,117
2013/03/18,7,32,114
2013/03/19,7,33,114
2013/03/20,7,32,114
2013/03/21,7,32,116
2013/03/22,7,30,113
2013/03/23,7,30,113
2013/03/24,7,29,119
2013/03/25,7,26,112
2013/03/26,7,26,111
2013/03/27,7,27,112
2013/03/28,5,26,117
2013/03/29,5,25,115
2013/03/30,5,25,115
2013/03/31,5,26,112
2013/04/01,5,27,114
2013/04/02,4,28,114
2013/04/03,4,29,115
2013/04/04,5,28,120
2013/04/05,5,28,118
2013/04/06,5,27,116
2013/04/07,5,27,116
2013/04/08,5,27,114
2013/04/09,5,29,113
2013/04/10,5,29,113
2013/04/11,5,29,113
2013/04/12,5,28,116
2013/04/13,5,28,112
2013/04/14,5,27,113
2013/04/15,5,26,110
2013/04/16,5,26,106
2013/04/17,5,26,103
2013/04/18,5,25,100
2013/04/19,5,25,101
2013/04/20,5,25,103
2013/04/21,5,25,101
2013/04/22,5,26,101
2013/04/23,5,26,97
2013/04/24,5,26,97
2013/04/25,4,26,93
2013/04/26,4,26,89
2013/04/27,4,25,88
2013/04/28,4,25,91
2013/04/29,4,27,90
2013/04/30,4,27,93
2013/05/01,4,25,93
2013/05/02,4,25,90
2013/05/03,4,25,89
2013/05/04,4,23,84
2013/05/05,4,22,83
2013/05/06,4,21,84
2013/05/07,4,21,83
2013/05/08,4,20,81
2013/05/09,4,20,80
2013/05/10,4,21,78
2013/05/11,4,21,74
2013/05/12,4,23,77
2013/05/13,4,23,79
2013/05/14,4,21,77
2013/05/15,4,21,78
2013/05/16,4,22,78
2013/05/17,4,22,76
2013/05/18,4,21,76
2013/05/19,4,22,76
2013/05/20,4,22,75
2013/05/21,4,22,76
2013/05/22,4,20,76
2013/05/23,4,19,77
2013/05/24,4,17,79
2013/05/25,4,17,79
2013/05/26,4,18,80
2013/05/27,4,16,79
2013/05/28,4,16,78
2013/05/29,4,16,79
2013/05/30,5,18,79
2013/05/31,5,18,80
2013/06/01,5,18,82
2013/06/02,5,18,84
2013/06/03,5,18,86
2013/06/04,5,18,85
2013/06/05,5,19,84
2013/06/06,6,18,84
2013/06/07,7,18,87
2013/06/08,7,18,87
2013/06/09,7,17,88
2013/06/10,7,18,89
2013/06/11,7,16,86
2013/06/12,8,16,83
2013/06/13,8,16,83
2013/06/14,8,16,83
2013/06/15,8,15,80
2013/06/16,8,15,82
2013/06/17,8,15,84
2013/06/18,8,15,88
2013/06/19,8,14,91
2013/06/20,8,16,88
2013/06/21,7,17,87
2013/06/22,7,17,85
2013/06/23,7,17,87
2013/06/24,7,17,90
2013/06/25,7,18,89
2013/06/26,7,18,89
2013/06/27,7,18,89
2013/06/28,8,17,91
2013/06/29,7,16,92
2013/06/30,7,16,92
2013/07/01,6,15,92
2013/07/02,6,15,92
2013/07/03,6,15,89
2013/07/04,6,16,91
2013/07/05,6,17,93
2013/07/06,6,17,94
2013/07/07,6,18,91
2013/07/08,6,18,89
2013/07/09,6,17,90
2013/07/10,6,16,89
2013/07/11,6,16,88
2013/07/12,4,16,91
2013/07/13,4,17,91
2013/07/14,4,19,95
2013/07/15,4,19,95
2013/07/16,4,19,94
2013/07/17,4,19,91
2013/07/18,4,21,87
2013/07/19,4,21,85
2013/07/20,4,21,86
2013/07/21,4,22,86
2013/07/22,4,23,86
2013/07/23,4,22,83
2013/07/24,4,21,84
2013/07/25,4,22,85
2013/07/26,5,22,85
2013/07/27,5,21,85
2013/07/28,5,21,81
2013/07/29,5,21,83
2013/07/30,5,20,86
2013/07/31,5,20,86
2013/08/01,5,21,86
2013/08/02,5,21,83
2013/08/03,5,21,81
2013/08/04,5,22,79
2013/08/05,5,22,79
2013/08/06,5,21,78
2013/08/07,5,20,80
2013/08/08,5,19,77
2013/08/09,5,19,75
2013/08/10,5,20,78
2013/08/11,5,21,78
2013/08/12,5,21,80
2013/08/13,5,20,77
2013/08/14,5,21,77
2013/08/15,5,22,81
2013/08/16,5,23,81
2013/08/17,5,23,81
2013/08/18,5,22,83
2013/08/19,4,23,84
2013/08/20,4,22,80
2013/08/21,4,22,81
2013/08/22,4,22,83
2013/08/23,4,20,79
2013/08/24,4,21,77
2013/08/25,4,21,77
2013/08/26,4,21,76
2013/08/27,4,20,81
2013/08/28,4,20,77
2013/08/29,4,18,74
2013/08/30,4,18,75
2013/08/31,4,17,75
2013/09/01,4,18,76
2013/09/02,4,18,79
2013/09/03,4,18,77
2013/09/04,4,18,76
2013/09/05,4,18,74
2013/09/06,4,17,73
2013/09/07,4,17,73
2013/09/08,4,17,73
2013/09/09,4,16,74
2013/09/10,4,15,72
2013/09/11,4,16,68
2013/09/12,4,16,67
2013/09/13,4,15,68
2013/09/14,4,14,64
2013/09/15,4,12,65
2013/09/16,4,13,69
2013/09/17,4,14,68
2013/09/18,5,13,65
2013/09/19,5,13,68
2013/09/20,5,13,67
2013/09/21,5,13,68
2013/09/22,5,13,67
2013/09/23,5,12,68
2013/09/24,6,13,66
2013/09/25,6,14,70
2013/09/26,6,14,66
2013/09/27,6,15,68
2013/09/28,6,15,70
2013/09/29,6,15,68
2013/09/30,6,16,71
2013/10/01,6,16,69
2013/10/02,6,15,68
2013/10/03,6,15,72
2013/10/04,6,14,74
2013/10/05,6,15,75
2013/10/06,6,16,76
2013/10/07,6,17,79
2013/10/08,6,17,78
2013/10/09,7,17,73
2013/10/10,7,17,74
2013/10/11,7,16,76
2013/10/12,7,16,77
2013/10/13,7,16,76
2013/10/14,7,16,78
2013/10/15,7,17,80
2013/10/16,7,17,79
2013/10/17,7,17,79
2013/10/18,7,16,80
2013/10/19,7,15,79
2013/10/20,7,18,82
2013/10/21,6,18,83
2013/10/22,6,18,82
2013/10/23,6,19,82
2013/10/24,6,17,82
2013/10/25,6,17,80
2013/10/26,6,17,85
2013/10/27,6,17,86
2013/10/28,6,18,86
2013/10/29,6,18,86
2013/10/30,6,19,85
2013/10/31,6,19,87
2013/11/01,6,21,87
2013/11/02,6,21,83
2013/11/03,6,21,81
2013/11/04,6,21,81
2013/11/05,5,20,84
2013/11/06,5,18,81
2013/11/07,5,19,84
2013/11/08,5,19,85
2013/11/09,5,19,87
2013/11/10,5,20,86
2013/11/11,5,20,84
2013/11/12,5,20,86
2013/11/13,5,20,82
2013/11/14,5,21,81
2013/11/15,5,21,81
2013/11/16,5,22,79
2013/11/17,5,22,77
2013/11/18,5,23,80
2013/11/19,5,22,82
2013/11/20,5,22,78
2013/11/21,5,23,80
2013/11/22,5,23,81
2013/11/23,5,24,81
2013/11/24,5,24,81
2013/11/25,6,24,79
2013/11/26,6,25,78
2013/11/27,6,24,78
2013/11/28,6,25,79
2013/11/29,6,25,80
2013/11/30,6,25,78
2013/12/01,7,24,79
2013/12/02,6,23,79
2013/12/03,5,22,80
2013/12/04,5,22,80
2013/12/05,6,22,84
2013/12/06,6,23,85
2013/12/07,6,23,78
2013/12/08,6,23,80
2013/12/09,7,24,79
2013/12/10,7,24,80
2013/12/11,7,24,83
2013/12/12,7,22,80
2013/12/13,7,23,80
2013/12/14,7,20,80
2013/12/15,7,20,81
2013/12/16,6,19,83
2013/12/17,7,19,82
2013/12/18,7,19,79
2013/12/19,6,18,76
2013/12/20,6,19,78
2013/12/21,6,18,76
2013/12/22,7,18,72
2013/12/23,7,17,73
2013/12/24,7,17,73
2013/12/25,6,19,72
2013/12/26,6,18,74
2013/12/27,6,18,76
2013/12/28,6,16,76
2013/12/29,6,16,76
2013/12/30,6,16,75
2013/12/31,6,20,77
2014/01/01,6,18,77
2014/01/02,6,17,78
2014/01/03,6,17,80
2014/01/04,6,16,78
2014/01/05,6,17,79
2014/01/06,6,17,79
2014/01/07,6,18,79
2014/01/08,6,18,79
2014/01/09,6,19,78
2014/01/10,6,19,77
2014/01/11,6,20,80
2014/01/12,7,20,81
2014/01/13,7,20,81
2014/01/14,7,20,80
2014/01/15,7,20,80
2014/01/16,7,20,79
2014/01/17,7,19,79
2014/01/18,7,20,82
2014/01/19,8,20,81
2014/01/20,8,21,80
2014/01/21,8,23,84
2014/01/22,8,24,87
2014/01/23,8,25,89
2014/01/24,8,25,91
2014/01/25,8,25,91
2014/01/26,8,25,90
2014/01/27,8,26,90
2014/01/28,8,26,93
2014/01/29,8,26,93
2014/01/30,8,26,95
2014/01/31,8,27,95
2014/02/01,8,27,95
2014/02/02,9,28,95
2014/02/03,9,27,96
2014/02/04,9,27,96
2014/02/05,9,27,99
2014/02/06,10,27,101
2014/02/07,10,26,102
2014/02/08,10,25,101
2014/02/09,10,24,99
2014/02/10,10,23,96
2014/02/11,10,23,94
2014/02/12,10,23,93
2014/02/13,10,23,89
2014/02/14,10,24,89
2014/02/15,9,23,92
2014/02/16,9,22,94
2014/02/17,9,22,92
2014/02/18,8,22,91
2014/02/19,8,21,91
2014/02/20,9,21,90
2014/02/21,9,21,88
2014/02/22,9,21,86
2014/02/23,9,21,81
2014/02/24,9,20,82
2014/02/25,9,21,85
2014/02/26,9,20,86
2014/02/27,9,20,84
2014/02/28,8,21,83
2014/03/01,8,21,83
2014/03/02,8,21,83
2014/03/03,8,21,86
2014/03/04,8,21,84
2014/03/05,8,21,81
2014/03/06,8,20,81
2014/03/07,9,21,79
2014/03/08,9,21,78
2014/03/09,8,21,79
2014/03/10,8,22,79
2014/03/11,8,22,82
2014/03/12,8,22,83
2014/03/13,8,21,82
2014/03/14,8,21,82
2014/03/15,9,22,87
2014/03/16,9,23,92
2014/03/17,9,23,91
2014/03/18,9,23,94
2014/03/19,9,22,93
2014/03/20,9,22,93
2014/03/21,9,22,92
2014/03/22,9,22,88
2014/03/23,9,23,89
2014/03/24,9,23,90
2014/03/25,9,23,95
2014/03/26,9,23,96
2014/03/27,9,22,91
2014/03/28,8,21,90
2014/03/29,8,23,93
2014/03/30,8,23,90
2014/03/31,8,23,90
2014/04/01,8,23,90
2014/04/02,8,24,89
2014/04/03,9,24,91
2014/04/04,10,23,91
2014/04/05,10,25,95
2014/04/06,10,25,97
2014/04/07,12,25,96
2014/04/08,12,28,95
2014/04/09,12,28,97
2014/04/10,11,27,94
2014/04/11,11,27,94
2014/04/12,11,27,100
2014/04/13,11,26,98
2014/04/14,11,27,94
2014/04/15,11,25,90
2014/04/16,10,26,89
2014/04/17,10,26,88
2014/04/18,10,26,89
2014/04/19,10,28,92
2014/04/20,9,27,89
2014/04/21,10,27,92
2014/04/22,10,27,90
2014/04/23,9,28,94
2014/04/24,9,27,91
2014/04/25,9,26,90
2014/04/26,9,26,90
2014/04/27,9,27,93
2014/04/28,9,27,94
2014/04/29,9,28,95
2014/04/30,9,28,97
2014/05/01,9,30,99
2014/05/02,9,31,107
2014/05/03,8,30,108
2014/05/04,8,29,112
2014/05/05,8,29,109
2014/05/06,7,28,108
2014/05/07,9,28,106
2014/05/08,9,27,105
2014/05/09,9,25,106
2014/05/10,8,25,107
2014/05/11,8,23,108
2014/05/12,8,23,102
2014/05/13,8,23,106
2014/05/14,9,21,105
2014/05/15,9,21,104
2014/05/16,9,22,106
2014/05/17,9,22,102
2014/05/18,9,22,104
2014/05/19,9,22,102
2014/05/20,9,22,102
2014/05/21,9,24,103
2014/05/22,9,26,103
2014/05/23,9,25,102
2014/05/24,9,25,103
2014/05/25,9,25,105
2014/05/26,9,26,106
2014/05/27,9,26,99
2014/05/28,9,25,98
2014/05/29,9,25,95
2014/05/30,9,25,93
2014/05/31,9,23,94
2014/06/01,9,22,88
2014/06/02,9,22,86
2014/06/03,9,22,80
2014/06/04,8,22,80
2014/06/05,8,22,79
2014/06/06,8,23,80
2014/06/07,7,23,80
2014/06/08,7,22,78
2014/06/09,7,21,78
2014/06/10,7,22,79
2014/06/11,8,22,80
2014/06/12,8,23,74
2014/06/13,8,25,75
2014/06/14,8,24,76
2014/06/15,8,24,78
2014/06/16,8,25,79
2014/06/17,8,25,80
2014/06/18,8,24,79
2014/06/19,8,25,78
2014/06/20,8,25,78
2014/06/21,8,24,77
2014/06/22,8,24,77
2014/06/23,7,23,76
2014/06/24,7,23,75
2014/06/25,7,24,74
2014/06/26,7,25,74
2014/06/27,7,26,75
2014/06/28,7,25,75
2014/06/29,7,25,77
2014/06/30,7,25,77
2014/07/01,7,26,78
2014/07/02,6,27,80
2014/07/03,6,27,82
2014/07/04,6,27,80
2014/07/05,6,27,83
2014/07/06,6,25,80
2014/07/07,6,26,82
2014/07/08,6,26,83
2014/07/09,6,26,83
2014/07/10,6,26,81
2014/07/11,6,27,77
2014/07/12,6,27,79
2014/07/13,6,25,81
2014/07/14,6,26,82
2014/07/15,6,27,81
2014/07/16,6,27,79
2014/07/17,6,25,78
2014/07/18,6,24,80
2014/07/19,6,23,80
2014/07/20,6,23,79
2014/07/21,6,23,78
2014/07/22,6,24,82
2014/07/23,6,23,82
2014/07/24,6,23,79
2014/07/25,6,23,78
2014/07/26,6,22,79
2014/07/27,6,22,80
2014/07/28,6,21,81
2014/07/29,5,20,80
2014/07/30,5,20,84
2014/07/31,5,19,84
2014/08/01,5,20,83
2014/08/02,6,20,83
2014/08/03,6,20,82
2014/08/04,6,20,79
2014/08/05,6,21,80
2014/08/06,6,20,81
2014/08/07,7,20,82
2014/08/08,7,19,82
2014/08/09,7,19,81
2014/08/10,7,19,84
2014/08/11,7,19,80
2014/08/12,7,20,79
2014/08/13,7,19,82
2014/08/14,7,18,82
2014/08/15,7,18,84
2014/08/16,7,19,82
2014/08/17,7,19,80
2014/08/18,7,19,82
2014/08/19,7,19,82
2014/08/20,7,19,79
2014/08/21,7,18,79
2014/08/22,7,18,81
2014/08/23,7,18,84
2014/08/24,7,18,84
2014/08/25,7,19,85
2014/08/26,7,18,86
2014/08/27,6,19,86
2014/08/28,6,19,84
2014/08/29,6,20,81
2014/08/30,6,21,82
2014/08/31,6,21,82
2014/09/01,6,23,82
2014/09/02,6,23,83
2014/09/03,7,23,90
2014/09/04,7,23,88
2014/09/05,7,22,86
2014/09/06,7,24,87
2014/09/07,7,24,86
2014/09/08,7,25,87
2014/09/09,7,25,86
2014/09/10,7,24,87
2014/09/11,6,25,86
2014/09/12,6,26,83
2014/09/13,6,26,81
2014/09/14,5,26,86
2014/09/15,5,25,88
2014/09/16,5,25,88
2014/09/17,5,25,85
2014/09/18,5,25,84
2014/09/19,5,25,83
2014/09/20,5,24,81
2014/09/21,5,24,78
2014/09/22,5,24,76
2014/09/23,4,23,75
2014/09/24,4,23,75
2014/09/25,4,23,78
2014/09/26,5,22,82
2014/09/27,5,22,84
2014/09/28,5,22,85
2014/09/29,5,20,83
2014/09/30,5,20,83
2014/10/01,7,19,85
2014/10/02,6,18,88
2014/10/03,6,18,84
2014/10/04,6,19,86
2014/10/05,6,19,87
2014/10/06,6,16,86
2014/10/07,5,15,83
2014/10/08,5,15,80
2014/10/09,5,15,80
2014/10/10,5,16,80
2014/10/11,5,16,79
2014/10/12,5,14,80
2014/10/13,5,15,83
2014/10/14,5,15,79
2014/10/15,5,14,77
2014/10/16,5,15,76
2014/10/17,6,14,80
2014/10/18,7,14,81
2014/10/19,8,14,81
2014/10/20,8,14,81
2014/10/21,8,15,84
2014/10/22,9,15,85
2014/10/23,9,15,85
2014/10/24,9,15,87
2014/10/25,9,16,84
2014/10/26,9,15,82
2014/10/27,9,16,79
2014/10/28,9,16,78
2014/10/29,9,16,77
2014/10/30,9,16,76
2014/10/31,9,15,73
2014/11/01,9,15,69
2014/11/02,9,17,68
2014/11/03,9,16,68
2014/11/04,9,16,66
2014/11/05,9,16,68
2014/11/06,9,16,68
2014/11/07,9,16,68
2014/11/08,9,16,67
2014/11/09,9,16,69
2014/11/10,9,16,69
2014/11/11,9,16,70
2014/11/12,9,17,68
2014/11/13,9,17,70
2014/11/14,9,17,73
2014/11/15,9,16,72
2014/11/16,8,17,72
2014/11/17,8,18,72
2014/11/18,8,18,72
2014/11/19,7,18,72
2014/11/20,7,18,69
2014/11/21,7,18,68
2014/11/22,7,18,71
2014/11/23,7,19,70
2014/11/24,7,18,68
2014/11/25,8,18,68
2014/11/26,8,18,69
2014/11/27,8,18,68
2014/11/28,8,19,71
2014/11/29,8,19,72
2014/11/30,9,20,70
2014/12/01,9,21,72
2014/12/02,9,21,76
2014/12/03,9,23,74
2014/12/04,9,22,75
2014/12/05,9,22,74
2014/12/06,8,23,75
2014/12/07,8,23,78
2014/12/08,8,23,80
2014/12/09,8,24,80
2014/12/10,8,23,80
2014/12/11,8,23,77
2014/12/12,8,22,75
2014/12/13,8,22,77
2014/12/14,10,22,79
2014/12/15,10,22,77
2014/12/16,9,22,77
2014/12/17,9,22,77
2014/12/18,9,22,78
2014/12/19,9,22,78
2014/12/20,9,22,79
2014/12/21,9,22,82
2014/12/22,9,21,82
2014/12/23,9,21,84
2014/12/24,9,21,86
2014/12/25,8,21,85
2014/12/26,8,21,85
2014/12/27,9,21,89
2014/12/28,9,23,86
2014/12/29,10,24,86
2014/12/30,10,24,84
2014/12/31,10,23,83
2015/01/01,10,23,82
2015/01/02,10,22,83
2015/01/03,11,21,84
2015/01/04,11,20,85
2015/01/05,11,20,87
2015/01/06,11,21,90
2015/01/07,11,20,88
2015/01/08,11,20,86
2015/01/09,10,20,88
2015/01/10,10,20,91
2015/01/11,10,21,89
2015/01/12,11,23,90
2015/01/13,10,23,88
2015/01/14,10,22,91
2015/01/15,10,22,89
2015/01/16,10,21,88
2015/01/17,10,21,88
2015/01/18,10,21,89
2015/01/19,10,21,89
2015/01/20,10,21,91
2015/01/21,10,21,89
2015/01/22,10,21,90
2015/01/23,10,21,90
2015/01/24,10,21,93
2015/01/25,10,21,93
2015/01/26,10,22,89
2015/01/27,10,21,94
2015/01/28,10,19,94
2015/01/29,10,18,96
2015/01/30,10,18,96
2015/01/31,10,18,96
2015/02/01,10,18,97
2015/02/02,10,18,99
2015/02/03,11,18,97
2015/02/04,11,17,96
2015/02/05,11,17,96
2015/02/06,11,17,99
2015/02/07,11,18,101
2015/02/08,11,18,98
2015/02/09,11,17,98
2015/02/10,11,18,101
2015/02/11,11,18,105
2015/02/12,11,19,106
2015/02/13,11,20,109
2015/02/14,11,20,107
2015/02/15,11,20,109
2015/02/16,10,21,107
2015/02/17,10,21,106
2015/02/18,10,22,105
2015/02/19,10,22,103
2015/02/20,10,23,106
2015/02/21,10,25,114
2015/02/22,10,25,115
2015/02/23,10,25,115
2015/02/24,10,25,116
2015/02/25,10,25,119
2015/02/26,10,25,116
2015/02/27,10,25,114
2015/02/28,10,25,113
2015/03/01,10,26,113
2015/03/02,10,26,110
2015/03/03,10,27,107
2015/03/04,10,27,105
2015/03/05,10,28,104
2015/03/06,10,27,103
2015/03/07,10,27,103
2015/03/08,10,27,103
2015/03/09,10,27,101
2015/03/10,10,27,101
2015/03/11,10,27,99
2015/03/12,10,27,98
2015/03/13,10,25,98
2015/03/14,10,25,98
2015/03/15,10,24,99
2015/03/16,9,24,101
2015/03/17,9,23,101
2015/03/18,9,24,99
2015/03/19,9,24,103
2015/03/20,9,24,108
2015/03/21,9,25,108
2015/03/22,9,25,105
2015/03/23,9,24,100
2015/03/24,9,25,101
2015/03/25,9,23,98
2015/03/26,9,22,96
2015/03/27,9,22,93
2015/03/28,9,23,92
2015/03/29,9,24,94
2015/03/30,9,25,94
2015/03/31,9,24,93
2015/04/01,9,25,94
2015/04/02,9,24,96
2015/04/03,9,23,95
2015/04/04,9,22,97
2015/04/05,9,20,99
2015/04/06,9,20,98
2015/04/07,9,22,100
2015/04/08,9,22,103
2015/04/09,9,22,103
2015/04/10,9,23,102
2015/04/11,9,23,102
2015/04/12,9,24,99
2015/04/13,8,25,99
2015/04/14,9,27,100
2015/04/15,9,26,98
2015/04/16,9,26,99
2015/04/17,10,27,104
2015/04/18,10,27,101
2015/04/19,10,27,96
2015/04/20,10,27,98
2015/04/21,10,27,97
2015/04/22,10,27,97
2015/04/23,10,26,95
2015/04/24,10,26,96
2015/04/25,10,25,97
2015/04/26,10,25,97
2015/04/27,10,25,97
2015/04/28,9,24,95
2015/04/29,9,27,98
2015/04/30,9,26,98
2015/05/01,9,24,98
2015/05/02,9,24,101
2015/05/03,9,27,102
2015/05/04,9,27,99
2015/05/05,9,28,101
2015/05/06,9,28,102
2015/05/07,9,27,98
2015/05/08,9,29,97
2015/05/09,9,28,94
2015/05/10,9,28,94
2015/05/11,9,29,95
2015/05/12,9,29,98
2015/05/13,9,29,98
2015/05/14,8,29,98
2015/05/15,8,28,95
2015/05/16,8,28,92
2015/05/17,7,28,90
2015/05/18,7,27,87
2015/05/19,7,27,87
2015/05/20,7,26,84
2015/05/21,8,25,84
2015/05/22,8,27,85
2015/05/23,8,28,87
2015/05/24,8,27,86
2015/05/25,8,27,84
2015/05/26,8,27,86
2015/05/27,8,28,88
2015/05/28,8,29,90
2015/05/29,8,27,88
2015/05/30,8,27,85
2015/05/31,8,27,83
2015/06/01,8,27,81
2015/06/02,8,24,81
2015/06/03,8,25,81
2015/06/04,7,24,82
2015/06/05,7,24,82
2015/06/06,7,24,81
2015/06/07,7,23,81
2015/06/08,7,23,81
2015/06/09,7,21,82
2015/06/10,7,20,80
2015/06/11,7,20,77
2015/06/12,7,21,77
2015/06/13,7,21,75
2015/06/14,7,21,78
2015/06/15,8,21,78
2015/06/16,8,21,77
2015/06/17,8,21,78
2015/06/18,8,21,80
2015/06/19,8,21,80
2015/06/20,8,21,81
2015/06/21,8,20,82
2015/06/22,8,20,78
2015/06/23,8,20,79
2015/06/24,8,20,85
2015/06/25,8,20,84
2015/06/26,8,19,89
2015/06/27,8,18,85
2015/06/28,8,19,84
2015/06/29,8,19,86
2015/06/30,8,20,87
2015/07/01,8,21,88
2015/07/02,8,21,87
2015/07/03,8,19,86
2015/07/04,8,19,84
2015/07/05,8,19,84
2015/07/06,8,21,86
2015/07/07,8,20,85
2015/07/08,8,20,84
2015/07/09,8,20,83
2015/07/10,7,20,84
2015/07/11,7,20,84
2015/07/12,8,20,87
2015/07/13,7,20,87
2015/07/14,6,20,85
2015/07/15,6,20,86
2015/07/16,6,20,87
2015/07/17,6,20,86
2015/07/18,6,20,84
2015/07/19,6,18,86
2015/07/20,6,19,85
2015/07/21,6,19,82
2015/07/22,6,19,82
2015/07/23,6,19,80
2015/07/24,6,17,76
2015/07/25,6,17,74
2015/07/26,6,17,67
2015/07/27,6,16,70
2015/07/28,6,16,72
2015/07/29,6,16,71
2015/07/30,6,15,72
2015/07/31,5,14,71
2015/08/01,5,14,72
2015/08/02,5,14,73
2015/08/03,5,14,73
2015/08/04,5,14,74
2015/08/05,5,14,76
2015/08/06,5,16,76
2015/08/07,5,16,77
2015/08/08,5,16,76
2015/08/09,5,16,73
2015/08/10,5,16,70
2015/08/11,5,17,70
2015/08/12,5,18,70
2015/08/13,5,18,70
2015/08/14,5,17,70
2015/08/15,5,18,72
2015/08/16,5,18,76
2015/08/17,5,19,80
2015/08/18,5,19,80
2015/08/19,5,19,84
2015/08/20,6,19,85
2015/08/21,6,18,83
2015/08/22,6,18,82
2015/08/23,6,19,86
2015/08/24,6,20,84
2015/08/25,6,20,82
2015/08/26,7,20,80
2015/08/27,8,20,78
2015/08/28,8,22,77
2015/08/29,8,22,79
2015/08/30,8,20,80
2015/08/31,8,21,81
2015/09/01,8,23,80
2015/09/02,8,23,79
2015/09/03,8,24,81
2015/09/04,8,25,82
2015/09/05,8,24,80
2015/09/06,8,24,83
2015/09/07,8,24,84
2015/09/08,8,24,83
2015/09/09,8,25,86
2015/09/10,8,26,90
2015/09/11,8,26,92
2015/09/12,8,26,93
2015/09/13,8,26,91
2015/09/14,8,24,89
2015/09/15,8,24,85
2015/09/16,8,23,82
2015/09/17,8,24,83
2015/09/18,8,23,78
2015/09/19,8,23,79
2015/09/20,8,23,82
2015/09/21,8,22,82
2015/09/22,8,20,83
2015/09/23,8,20,81
2015/09/24,8,20,85
2015/09/25,8,20,84
2015/09/26,8,20,85
2015/09/27,8,20,85
2015/09/28,8,20,86
2015/09/29,8,20,85
2015/09/30,8,20,84
2015/10/01,9,19,83
2015/10/02,9,19,83
2015/10/03,9,18,80
2015/10/04,9,18,79
2015/10/05,9,18,79
2015/10/06,9,18,78
2015/10/07,9,18,81
2015/10/08,9,20,82
2015/10/09,9,20,84
2015/10/10,9,19,85
2015/10/11,9,18,86
2015/10/12,9,18,87
2015/10/13,9,18,88
2015/10/14,9,17,87
2015/10/15,9,17,90
2015/10/16,8,17,89
2015/10/17,8,16,87
2015/10/18,8,16,92
2015/10/19,7,16,90
2015/10/20,6,17,88
2015/10/21,6,17,88
2015/10/22,6,17,86
2015/10/23,6,17,89
2015/10/24,7,17,88
2015/10/25,7,17,90
2015/10/26,7,18,89
2015/10/27,6,16,87
2015/10/28,7,18,89
2015/10/29,7,20,90
2015/10/30,7,21,92
2015/10/31,7,24,90
2015/11/01,7,23,91
2015/11/02,7,22,96
2015/11/03,7,23,100
2015/11/04,7,23,99
2015/11/05,7,25,99
2015/11/06,7,24,97
2015/11/07,7,24,96
2015/11/08,7,24,93
2015/11/09,7,23,91
2015/11/10,7,24,96
2015/11/11,7,24,100
2015/11/12,7,27,102
2015/11/13,6,27,102
2015/11/14,6,27,99
2015/11/15,6,27,101
2015/11/16,6,28,101
2015/11/17,6,29,101
2015/11/18,6,30,103
2015/11/19,6,30,104
2015/11/20,6,30,106
2015/11/21,6,30,106
2015/11/22,6,28,103
2015/11/23,5,29,103
2015/11/24,5,29,101
2015/11/25,5,27,104
2015/11/26,5,27,104
2015/11/27,5,24,103
2015/11/28,5,24,101
2015/11/29,5,24,98
2015/11/30,5,23,95
2015/12/01,6,23,96
2015/12/02,6,24,93
2015/12/03,6,23,90
2015/12/04,6,22,91
2015/12/05,6,21,88
2015/12/06,6,21,89
2015/12/07,6,21,89
2015/12/08,6,21,87
2015/12/09,6,20,85
2015/12/10,6,19,81
2015/12/11,6,19,78
2015/12/12,6,17,76
2015/12/13,7,18,78
2015/12/14,7,18,79
2015/12/15,7,19,78
2015/12/16,8,17,80
2015/12/17,8,17,80
2016/01/18,10,31,86
2016/01/19,10,30,87
2016/01/20,10,29,85
2016/01/21,10,28,84
2016/01/22,10,29,84
2016/01/23,9,27,85
2016/01/24,9,27,87
2016/01/25,9,28,87
2016/01/26,9,28,85
2016/01/27,9,27,85
2016/01/28,9,26,83
2016/01/29,9,26,78
2016/01/30,9,26,76
2016/01/31,9,29,76
2016/02/01,9,31,76
2016/02/02,9,29,74
2016/02/03,8,30,77
2016/02/04,8,31,77
2016/02/05,8,30,78
2016/02/06,8,31,80
2016/02/07,8,31,78
2016/02/08,8,30,78
2016/02/09,8,30,76
2016/02/10,9,31,78
2016/02/11,9,31,77
2016/02/12,9,31,77
2016/02/13,9,32,83
2016/02/14,9,31,84
2016/02/15,10,31,86
2016/02/16,10,31,88
2016/02/17,10,32,85
2016/02/18,10,32,85
2016/02/19,9,30,84
2016/02/20,9,28,82
2016/02/21,9,28,86
2016/02/22,9,28,85
2016/02/23,9,28,84
2016/02/24,8,28,82
2016/02/25,8,29,83
2016/02/26,8,29,85
2016/02/27,8,29,83
2016/02/28,8,29,86
2016/02/29,8,28,87
2016/03/01,8,28,88
2016/03/02,8,26,85
2016/03/03,8,27,87
2016/03/04,8,26,83
2016/03/05,8,27,78
2016/03/06,8,26,78
2016/03/07,8,25,80
2016/03/08,8,25,80
2016/03/09,8,24,80
2016/03/10,8,24,82
2016/03/11,8,24,80
2016/03/12,8,24,81
2016/03/13,8,24,84
2016/03/14,8,23,79
2016/03/15,8,23,80
2016/03/16,8,24,81
2016/03/17,8,24,83
2016/03/18,8,23,85
2016/03/19,8,24,86
2016/03/20,8,24,89
2016/03/21,8,25,90
2016/03/22,8,26,90
2016/03/23,8,25,91
2016/03/24,8,25,92
2016/03/25,8,25,91
2016/03/26,8,25,92
2016/03/27,8,24,90
2016/03/28,8,23,90
2016/03/29,8,23,88
2016/03/30,8,23,89
2016/03/31,8,25,87
2016/04/01,8,24,92
2016/04/02,8,24,92
2016/04/03,8,24,94
2016/04/04,8,24,97
2016/04/05,8,24,97
2016/04/06,8,23,96
2016/04/07,8,23,96
2016/04/08,7,23,95
2016/04/09,7,23,93
2016/04/10,7,23,93
2016/04/11,7,23,96
2016/04/12,7,24,95
2016/04/13,7,24,94
2016/04/14,7,24,92
2016/04/15,7,23,90
2016/04/16,7,23,89
2016/04/17,7,23,89
2016/04/18,7,23,87
2016/04/19,7,23,85
2016/04/20,7,22,84
2016/04/21,7,22,82
2016/04/22,7,22,81
2016/04/23,6,22,77
2016/04/24,6,21,78
2016/04/25,7,22,77
2016/04/26,7,21,80
2016/04/27,7,22,81
2016/04/28,8,22,81
2016/04/29,8,22,79
2016/04/30,7,22,83
2016/05/01,8,22,82
2016/05/02,8,22,80
2016/05/03,8,22,79
2016/05/04,8,22,75
2016/05/05,8,22,77
2016/05/06,9,22,75
2016/05/07,9,22,73
2016/05/08,9,21,72
2016/05/09,8,21,73
2016/05/10,8,22,73
2016/05/11,8,21,70
2016/05/12,8,20,66
2016/05/13,8,19,65
2016/05/14,8,19,66
2016/05/15,8,18,68
2016/05/16,8,17,67
2016/05/17,8,17,67
2016/05/18,7,16,69
2016/05/19,7,16,73
2016/05/20,7,17,73
2016/05/21,7,18,74
2016/05/22,7,18,75
2016/05/23,7,19,76
2016/05/24,7,20,79
2016/05/25,7,20,78
2016/05/26,7,21,77
2016/05/27,7,21,78
2016/05/28,6,21,79
2016/05/29,6,21,78
2016/05/30,6,21,76
2016/05/31,6,23,78
2016/06/01,6,24,79
2016/06/02,6,24,80
2016/06/03,6,24,80
2016/06/04,6,24,79
2016/06/05,6,24,78
2016/06/06,6,25,78
2016/06/07,7,26,81
2016/06/08,6,26,78
2016/06/09,6,25,78
2016/06/10,6,24,79
2016/06/11,6,23,79
2016/06/12,6,22,80
2016/06/13,6,22,80
2016/06/14,6,22,76
2016/06/15,5,22,75
2016/06/16,5,22,76
2016/06/17,5,22,75
2016/06/18,5,22,75
2016/06/19,5,22,74
2016/06/20,5,22,74
2016/06/21,5,21,76
2016/06/22,5,21,75
2016/06/23,5,21,72
2016/06/24,4,21,72
2016/06/25,5,21,74
2016/06/26,5,21,74
2016/06/27,5,21,73
2016/06/28,5,21,74
2016/06/29,5,21,74
2016/06/30,5,19,69
2016/07/01,5,19,72
2016/07/02,5,18,71
2016/07/03,5,18,72
2016/07/04,4,18,73
2016/07/05,4,19,75
2016/07/06,4,19,76
2016/07/07,4,20,76
2016/07/08,4,20,76
2016/07/09,4,20,75
2016/07/10,4,18,76
2016/07/11,4,17,76
2016/07/12,4,19,76
2016/07/13,4,21,81
2016/07/14,4,21,84
2016/07/15,4,21,84
2016/07/16,4,21,81
2016/07/17,4,21,83
2016/07/18,4,21,81
2016/07/19,4,20,80
2016/07/20,4,21,79
2016/07/21,4,23,81
2016/07/22,4,23,80
2016/07/23,4,23,80
2016/07/24,4,22,79
2016/07/25,4,22,80
2016/07/26,4,23,81
2016/07/27,4,23,80
2016/07/28,4,23,77
2016/07/29,4,24,82
2016/07/30,5,25,85
2016/07/31,5,26,82
2016/08/01,5,26,81
2016/08/02,6,26,79
2016/08/03,6,26,78
2016/08/04,6,26,76
2016/08/05,5,27,76
2016/08/06,5,24,75
2016/08/07,5,26,75
2016/08/08,5,27,76
2016/08/09,6,28,77
2016/08/10,6,28,79
2016/08/11,6,26,79
2016/08/12,7,24,80
2016/08/13,7,25,78
2016/08/14,8,26,77
2016/08/15,8,25,76
2016/08/16,8,26,72
2016/08/17,8,27,74
2016/08/18,8,27,74
2016/08/19,8,27,73
2016/08/20,7,25,72
2016/08/21,7,25,74
2016/08/22,7,25,74
2016/08/23,7,25,73
2016/08/24,7,24,74
2016/08/25,7,25,71
2016/08/26,7,27,72
2016/08/27,7,27,74
2016/08/28,6,26,74
2016/08/29,6,27,70
2016/08/30,6,28,71
2016/08/31,7,28,74
2016/09/01,7,28,75
2016/09/02,6,27,78
2016/09/03,6,27,76
2016/09/04,6,27,76
2016/09/05,7,27,78
2016/09/06,6,25,80
2016/09/07,6,25,79
2016/09/08,6,25,81
2016/09/09,6,24,79
2016/09/10,6,25,79
2016/09/11,6,24,77
2016/09/12,6,23,78
2016/09/13,6,22,76
2016/09/14,6,21,75
2016/09/15,6,20,75
2016/09/16,6,20,74
2016/09/17,6,20,73
2016/09/18,6,20,74
2016/09/19,6,20,72
2016/09/20,7,21,72
2016/09/21,7,20,71
2016/09/22,7,20,72
2016/09/23,7,20,71
2016/09/24,7,19,71
2016/09/25,7,18,70
2016/09/26,7,19,68
2016/09/27,7,19,66
2016/09/28,7,17,68
2016/09/29,6,15,68
2016/09/30,6,15,67
2016/10/01,6,16,69
2016/10/02,6,17,66
2016/10/03,6,17,69
2016/10/04,6,19,71
2016/10/05,6,19,72
2016/10/06,6,19,72
2016/10/07,6,20,74
2016/10/08,6,21,75
2016/10/09,6,21,79
2016/10/10,6,21,79
2016/10/11,6,21,81
2016/10/12,6,21,78
2016/10/13,6,21,79
2016/10/14,6,21,79
2016/10/15,6,21,81
2016/10/16,6,22,83
2016/10/17,5,21,81
2016/10/18,6,20,81
2016/10/19,6,20,81
2016/10/20,5,20,76
2016/10/21,5,20,76
2016/10/22,6,21,76
2016/10/23,6,21,74
2016/10/24,6,21,75
2016/10/25,6,20,73
2016/10/26,6,20,70
2016/10/27,6,21,71
2016/10/28,7,20,71
2016/10/29,7,20,71
2016/10/30,7,21,72
2016/10/31,7,21,71
2016/11/01,6,19,72
2016/11/02,6,19,73
2016/11/03,6,18,72
2016/11/04,6,18,72
2016/11/05,6,18,75
2016/11/06,6,18,75
2016/11/07,6,17,73
2016/11/08,6,17,68
2016/11/09,6,16,69
2016/11/10,6,15,69
2016/11/11,6,15,72
2016/11/12,6,16,72
2016/11/13,6,16,74
2016/11/14,6,15,74
2016/11/15,6,15,72
2016/11/16,6,15,76
2016/11/17,6,15,76
2016/11/18,6,15,76
2016/11/19,6,15,78
2016/11/20,6,15,79
2016/11/21,6,14,81
2016/11/22,6,15,82
2016/11/23,6,15,83
2016/11/24,6,16,84
2016/11/25,6,17,87
2016/11/26,6,16,84
2016/11/27,6,16,87
2016/11/28,6,17,89
2016/11/29,6,17,87
2016/11/30,6,17,86
2016/12/01,6,17,83
2016/12/02,6,15,81
2016/12/03,6,15,84
2016/12/04,6,15,85
2016/12/05,6,15,81
2016/12/06,6,15,80
2016/12/07,6,15,79
2016/12/08,6,14,78
2016/12/09,6,14,76
2016/12/10,6,14,76
2016/12/11,6,14,73
2016/12/12,6,16,73
2016/12/13,6,16,69
2016/12/14,6,16,68
2016/12/15,6,16,66
2016/12/16,6,16,62
2016/12/17,6,16,63
2016/12/18,6,17,61
2016/12/19,6,18,61
2016/12/20,6,17,61
2016/12/21,6,16,60
2016/12/22,6,16,60
2016/12/23,6,16,60
2016/12/24,6,16,59
2016/12/25,6,15,59
2016/12/26,6,15,60
2016/12/27,6,16,60
2016/12/28,7,17,62
2016/12/29,7,17,63
2016/12/30,7,17,65
2016/12/31,7,17,68
2017/01/01,7,17,71
2017/01/02,7,17,70
2017/01/03,7,19,73
2017/01/04,7,20,71
2017/01/05,7,20,72
2017/01/06,7,20,71
2017/01/07,7,20,71
2017/01/08,7,19,72
2017/01/09,7,20,72
2017/01/10,7,20,72
2017/01/11,7,20,71
2017/01/12,7,20,72
2017/01/13,7,18,75
2017/01/14,7,18,75
2017/01/15,7,18,75
2017/01/16,7,18,73
2017/01/17,7,18,76
2017/01/18,7,18,75
2017/01/19,7,18,73
2017/01/20,7,18,73
2017/01/21,7,18,74
2017/01/22,7,18,75
2017/01/23,7,18,73
2017/01/24,7,18,73
2017/01/25,7,19,73
2017/01/26,7,18,72
2017/01/27,7,17,70
2017/01/28,7,17,70
2017/01/29,7,16,69
2017/01/30,7,16,71
2017/01/31,7,16,70
2017/02/01,7,17,68
2017/02/02,7,16,68
