date,hywiki (100+),hywiki (5+),hywiki (all)
2012/08/19,22,82,185
2012/08/20,22,84,182
2012/08/21,23,82,177
2012/08/22,23,83,176
2012/08/23,23,81,171
2012/08/24,22,82,170
2012/08/25,25,82,171
2012/08/26,25,82,173
2012/08/27,27,79,172
2012/08/28,28,80,172
2012/08/29,28,82,177
2012/08/30,28,87,178
2012/08/31,29,87,175
2012/09/01,28,85,173
2012/09/02,27,86,173
2012/09/03,25,84,174
2012/09/04,26,82,172
2012/09/05,24,81,170
2012/09/06,23,79,168
2012/09/07,23,78,169
2012/09/08,23,77,167
2012/09/09,21,76,168
2012/09/10,22,80,177
2012/09/11,22,83,182
2012/09/12,22,86,183
2012/09/13,23,84,187
2012/09/14,23,83,186
2012/09/15,24,83,186
2012/09/16,23,83,183
2012/09/17,22,87,187
2012/09/18,22,87,191
2012/09/19,20,87,192
2012/09/20,20,90,193
2012/09/21,19,90,191
2012/09/22,20,89,195
2012/09/23,21,88,194
2012/09/24,20,89,194
2012/09/25,20,90,198
2012/09/26,21,91,198
2012/09/27,21,92,209
2012/09/28,21,92,215
2012/09/29,21,88,212
2012/09/30,21,90,216
2012/10/01,22,89,214
2012/10/02,21,87,217
2012/10/03,19,88,216
2012/10/04,20,88,216
2012/10/05,21,87,218
2012/10/06,22,87,220
2012/10/07,24,89,221
2012/10/08,24,89,223
2012/10/09,25,90,222
2012/10/10,24,88,216
2012/10/11,23,89,217
2012/10/12,22,89,215
2012/10/13,21,89,213
2012/10/14,21,89,214
2012/10/15,21,90,211
2012/10/16,21,89,211
2012/10/17,21,89,211
2012/10/18,21,89,205
2012/10/19,22,90,209
2012/10/20,22,87,208
2012/10/21,22,88,211
2012/10/22,22,93,210
2012/10/23,22,97,210
2012/10/24,22,94,209
2012/10/25,22,93,204
2012/10/26,23,93,206
2012/10/27,22,92,204
2012/10/28,22,91,200
2012/10/29,22,89,205
2012/10/30,22,87,198
2012/10/31,21,85,201
2012/11/01,22,84,197
2012/11/02,22,88,197
2012/11/03,22,88,197
2012/11/04,21,91,199
2012/11/05,22,91,198
2012/11/06,21,91,201
2012/11/07,20,90,203
2012/11/08,21,86,203
2012/11/09,21,87,209
2012/11/10,21,89,207
2012/11/11,21,89,209
2012/11/12,20,93,213
2012/11/13,20,92,217
2012/11/14,20,90,219
2012/11/15,20,90,219
2012/11/16,20,93,215
2012/11/17,20,98,223
2012/11/18,21,98,225
2012/11/19,22,96,230
2012/11/20,22,96,231
2012/11/21,22,93,231
2012/11/22,23,96,231
2012/11/23,23,96,234
2012/11/24,24,98,237
2012/11/25,26,98,236
2012/11/26,26,100,231
2012/11/27,26,100,227
2012/11/28,25,99,226
2012/11/29,26,98,224
2012/11/30,26,98,227
2012/12/01,26,96,231
2012/12/02,27,95,232
2012/12/03,28,96,230
2012/12/04,28,95,231
2012/12/05,28,95,235
2012/12/06,28,94,229
2012/12/07,28,95,230
2012/12/08,28,95,229
2012/12/09,29,96,225
2012/12/10,30,93,228
2012/12/11,30,93,228
2012/12/12,30,91,224
2012/12/13,28,92,222
2012/12/14,28,91,223
2012/12/15,28,90,224
2012/12/16,28,91,223
2012/12/17,27,90,217
2012/12/18,29,90,219
2012/12/19,28,92,214
2012/12/20,30,92,210
2012/12/21,30,91,215
2012/12/22,31,92,217
2012/12/23,31,92,215
2012/12/24,31,91,216
2012/12/25,30,90,214
2012/12/26,29,89,217
2012/12/27,29,89,220
2012/12/28,28,92,224
2012/12/29,28,94,224
2012/12/30,30,93,228
2012/12/31,30,94,228
2013/01/01,29,94,225
2013/01/02,29,94,226
2013/01/03,28,95,230
2013/01/04,28,95,227
2013/01/05,28,95,232
2013/01/06,29,97,231
2013/01/07,28,102,232
2013/01/08,28,101,232
2013/01/09,29,99,229
2013/01/10,28,97,233
2013/01/11,29,99,231
2013/01/12,28,101,238
2013/01/13,29,100,236
2013/01/14,29,98,235
2013/01/15,28,102,236
2013/01/16,28,99,233
2013/01/17,28,100,236
2013/01/18,28,101,236
2013/01/19,28,107,241
2013/01/20,29,107,239
2013/01/21,29,109,243
2013/01/22,29,107,242
2013/01/23,28,108,239
2013/01/24,27,109,242
2013/01/25,27,109,242
2013/01/26,28,106,239
2013/01/27,29,104,234
2013/01/28,30,103,237
2013/01/29,31,103,232
2013/01/30,33,104,234
2013/01/31,33,105,236
2013/02/01,33,105,236
2013/02/02,34,104,231
2013/02/03,33,103,233
2013/02/04,33,105,235
2013/02/05,33,105,239
2013/02/06,31,105,243
2013/02/07,31,105,240
2013/02/08,32,105,241
2013/02/09,32,105,240
2013/02/10,32,105,245
2013/02/11,31,103,241
2013/02/12,32,110,239
2013/02/13,32,111,239
2013/02/14,31,111,240
2013/02/15,31,109,240
2013/02/16,30,108,240
2013/02/17,30,105,241
2013/02/18,31,105,237
2013/02/19,30,105,236
2013/02/20,30,106,229
2013/02/21,30,104,231
2013/02/22,30,105,229
2013/02/23,30,101,225
2013/02/24,30,101,222
2013/02/25,29,98,216
2013/02/26,28,99,220
2013/02/27,28,99,220
2013/02/28,28,97,222
2013/03/01,27,96,219
2013/03/02,26,97,222
2013/03/03,26,96,219
2013/03/04,27,97,220
2013/03/05,26,97,215
2013/03/06,27,101,217
2013/03/07,27,100,213
2013/03/08,27,98,209
2013/03/09,27,98,212
2013/03/10,25,97,211
2013/03/11,25,98,211
2013/03/12,25,99,209
2013/03/13,27,99,209
2013/03/14,26,95,209
2013/03/15,26,94,210
2013/03/16,24,91,208
2013/03/17,23,88,206
2013/03/18,22,88,202
2013/03/19,22,90,202
2013/03/20,22,89,202
2013/03/21,22,86,204
2013/03/22,22,83,207
2013/03/23,21,82,208
2013/03/24,22,83,204
2013/03/25,22,83,205
2013/03/26,21,83,205
2013/03/27,21,80,206
2013/03/28,22,80,205
2013/03/29,21,78,204
2013/03/30,21,78,199
2013/03/31,21,76,198
2013/04/01,21,73,199
2013/04/02,19,72,201
2013/04/03,19,73,199
2013/04/04,19,70,204
2013/04/05,19,67,198
2013/04/06,18,66,196
2013/04/07,18,69,193
2013/04/08,17,68,192
2013/04/09,17,67,189
2013/04/10,17,70,188
2013/04/11,17,70,185
2013/04/12,16,69,183
2013/04/13,15,70,182
2013/04/14,15,75,194
2013/04/15,15,77,203
2013/04/16,15,82,212
2013/04/17,16,83,211
2013/04/18,16,81,210
2013/04/19,16,80,206
2013/04/20,16,80,208
2013/04/21,17,80,204
2013/04/22,17,81,207
2013/04/23,17,80,205
2013/04/24,17,80,205
2013/04/25,17,80,206
2013/04/26,18,80,203
2013/04/27,18,78,203
2013/04/28,19,82,202
2013/04/29,20,82,202
2013/04/30,18,84,202
2013/05/01,18,84,203
2013/05/02,18,84,204
2013/05/03,18,82,208
2013/05/04,17,81,205
2013/05/05,16,81,205
2013/05/06,16,78,204
2013/05/07,16,76,207
2013/05/08,17,76,208
2013/05/09,17,75,205
2013/05/10,16,72,199
2013/05/11,18,71,199
2013/05/12,20,74,201
2013/05/13,19,75,195
2013/05/14,19,72,185
2013/05/15,19,73,181
2013/05/16,18,72,183
2013/05/17,18,69,186
2013/05/18,18,68,185
2013/05/19,18,71,188
2013/05/20,18,72,186
2013/05/21,18,73,192
2013/05/22,18,73,196
2013/05/23,19,73,198
2013/05/24,18,72,196
2013/05/25,19,72,197
2013/05/26,19,74,200
2013/05/27,19,72,197
2013/05/28,19,73,195
2013/05/29,19,72,196
2013/05/30,19,74,197
2013/05/31,19,71,195
2013/06/01,19,74,193
2013/06/02,19,76,189
2013/06/03,19,74,187
2013/06/04,19,73,186
2013/06/05,20,73,183
2013/06/06,20,73,179
2013/06/07,20,76,184
2013/06/08,20,77,185
2013/06/09,19,76,186
2013/06/10,18,76,180
2013/06/11,19,75,181
2013/06/12,17,74,178
2013/06/13,18,73,179
2013/06/14,18,73,179
2013/06/15,19,72,176
2013/06/16,18,71,172
2013/06/17,18,70,173
2013/06/18,18,69,177
2013/06/19,17,70,178
2013/06/20,17,69,173
2013/06/21,17,74,166
2013/06/22,18,76,170
2013/06/23,18,75,175
2013/06/24,18,74,178
2013/06/25,19,71,172
2013/06/26,20,71,174
2013/06/27,20,69,175
2013/06/28,19,68,172
2013/06/29,20,66,165
2013/06/30,21,67,168
2013/07/01,20,72,174
2013/07/02,20,72,175
2013/07/03,20,73,179
2013/07/04,21,73,182
2013/07/05,20,75,184
2013/07/06,19,75,188
2013/07/07,19,72,182
2013/07/08,19,73,181
2013/07/09,19,73,183
2013/07/10,19,74,183
2013/07/11,19,72,182
2013/07/12,19,73,183
2013/07/13,19,73,181
2013/07/14,19,77,183
2013/07/15,19,78,182
2013/07/16,19,79,183
2013/07/17,19,77,181
2013/07/18,19,79,175
2013/07/19,19,78,176
2013/07/20,19,80,184
2013/07/21,19,78,182
2013/07/22,19,83,178
2013/07/23,19,84,169
2013/07/24,20,85,164
2013/07/25,21,83,163
2013/07/26,21,83,167
2013/07/27,20,83,167
2013/07/28,19,87,172
2013/07/29,19,88,173
2013/07/30,19,90,173
2013/07/31,19,85,172
2013/08/01,18,87,173
2013/08/02,20,86,171
2013/08/03,18,88,174
2013/08/04,17,84,177
2013/08/05,19,84,174
2013/08/06,19,82,177
2013/08/07,19,87,180
2013/08/08,19,89,179
2013/08/09,19,89,178
2013/08/10,19,94,185
2013/08/11,20,94,187
2013/08/12,19,93,190
2013/08/13,18,93,190
2013/08/14,18,93,189
2013/08/15,19,93,191
2013/08/16,19,93,189
2013/08/17,20,97,192
2013/08/18,21,95,189
2013/08/19,21,92,187
2013/08/20,19,92,182
2013/08/21,19,89,182
2013/08/22,20,87,183
2013/08/23,18,86,185
2013/08/24,19,86,187
2013/08/25,19,83,187
2013/08/26,20,83,188
2013/08/27,20,82,188
2013/08/28,21,83,185
2013/08/29,22,82,187
2013/08/30,21,78,183
2013/08/31,20,77,175
2013/09/01,20,76,171
2013/09/02,18,75,166
2013/09/03,19,74,162
2013/09/04,18,73,164
2013/09/05,19,74,162
2013/09/06,19,75,160
2013/09/07,20,73,155
2013/09/08,19,67,156
2013/09/09,17,64,152
2013/09/10,17,63,147
2013/09/11,17,61,144
2013/09/12,16,61,145
2013/09/13,16,62,144
2013/09/14,17,65,150
2013/09/15,16,71,155
2013/09/16,15,68,151
2013/09/17,15,70,152
2013/09/18,16,69,154
2013/09/19,16,69,154
2013/09/20,16,70,153
2013/09/21,15,71,153
2013/09/22,15,72,156
2013/09/23,14,72,156
2013/09/24,14,72,158
2013/09/25,14,77,165
2013/09/26,14,81,169
2013/09/27,13,80,168
2013/09/28,12,80,173
2013/09/29,13,79,174
2013/09/30,14,81,182
2013/10/01,14,81,182
2013/10/02,14,79,181
2013/10/03,14,77,181
2013/10/04,15,77,177
2013/10/05,15,79,182
2013/10/06,15,78,189
2013/10/07,16,81,192
2013/10/08,16,82,194
2013/10/09,16,82,193
2013/10/10,15,83,200
2013/10/11,15,83,203
2013/10/12,15,83,202
2013/10/13,18,88,207
2013/10/14,18,86,210
2013/10/15,18,82,206
2013/10/16,18,83,206
2013/10/17,18,80,207
2013/10/18,18,80,205
2013/10/19,19,82,209
2013/10/20,19,84,208
2013/10/21,18,86,212
2013/10/22,20,87,212
2013/10/23,21,87,210
2013/10/24,21,88,208
2013/10/25,22,83,202
2013/10/26,21,83,203
2013/10/27,21,82,203
2013/10/28,21,85,202
2013/10/29,21,87,201
2013/10/30,21,87,200
2013/10/31,20,89,198
2013/11/01,20,91,198
2013/11/02,20,90,200
2013/11/03,20,93,206
2013/11/04,20,90,206
2013/11/05,20,94,210
2013/11/06,20,95,209
2013/11/07,20,95,211
2013/11/08,20,94,212
2013/11/09,20,96,208
2013/11/10,20,96,204
2013/11/11,20,97,204
2013/11/12,20,97,201
2013/11/13,22,97,196
2013/11/14,22,97,197
2013/11/15,23,98,197
2013/11/16,23,97,195
2013/11/17,24,96,197
2013/11/18,24,95,198
2013/11/19,23,96,202
2013/11/20,23,96,201
2013/11/21,22,95,196
2013/11/22,21,92,199
2013/11/23,21,89,199
2013/11/24,22,90,200
2013/11/25,21,89,196
2013/11/26,22,88,201
2013/11/27,22,89,207
2013/11/28,22,91,211
2013/11/29,21,91,219
2013/11/30,20,94,223
2013/12/01,21,97,228
2013/12/02,21,100,232
2013/12/03,20,100,230
2013/12/04,20,102,230
2013/12/05,20,101,230
2013/12/06,20,99,234
2013/12/07,20,101,235
2013/12/08,21,103,244
2013/12/09,19,107,259
2013/12/10,21,105,264
2013/12/11,21,107,269
2013/12/12,21,108,273
2013/12/13,22,108,272
2013/12/14,23,110,280
2013/12/15,23,113,283
2013/12/16,23,115,277
2013/12/17,23,118,289
2013/12/18,25,121,295
2013/12/19,24,121,296
2013/12/20,24,125,304
2013/12/21,25,134,320
2013/12/22,25,140,324
2013/12/23,27,139,324
2013/12/24,30,136,326
2013/12/25,28,134,326
2013/12/26,27,133,323
2013/12/27,26,133,315
2013/12/28,27,131,307
2013/12/29,27,128,306
2013/12/30,28,133,307
2013/12/31,28,132,304
2014/01/01,27,131,298
2014/01/02,28,128,291
2014/01/03,29,125,288
2014/01/04,30,125,289
2014/01/05,30,125,286
2014/01/06,31,125,285
2014/01/07,31,127,278
2014/01/08,31,122,268
2014/01/09,32,120,267
2014/01/10,33,119,269
2014/01/11,32,118,257
2014/01/12,34,118,254
2014/01/13,33,117,256
2014/01/14,33,118,255
2014/01/15,32,119,258
2014/01/16,31,114,247
2014/01/17,32,113,243
2014/01/18,33,116,246
2014/01/19,33,112,235
2014/01/20,35,113,232
2014/01/21,33,112,230
2014/01/22,33,112,231
2014/01/23,32,116,230
2014/01/24,32,118,234
2014/01/25,34,116,236
2014/01/26,34,115,238
2014/01/27,34,118,237
2014/01/28,34,118,237
2014/01/29,35,118,239
2014/01/30,35,118,241
2014/01/31,35,123,244
2014/02/01,35,124,248
2014/02/02,33,124,253
2014/02/03,33,124,256
2014/02/04,33,126,262
2014/02/05,33,123,266
2014/02/06,34,122,270
2014/02/07,34,122,273
2014/02/08,34,121,267
2014/02/09,35,121,267
2014/02/10,34,118,272
2014/02/11,30,118,273
2014/02/12,29,120,270
2014/02/13,29,123,273
2014/02/14,29,121,274
2014/02/15,28,118,268
2014/02/16,28,114,267
2014/02/17,28,118,265
2014/02/18,28,116,272
2014/02/19,28,117,276
2014/02/20,28,116,281
2014/02/21,29,119,290
2014/02/22,29,117,285
2014/02/23,29,116,279
2014/02/24,28,115,281
2014/02/25,30,114,283
2014/02/26,28,116,279
2014/02/27,28,113,284
2014/02/28,27,114,290
2014/03/01,26,113,288
2014/03/02,27,113,291
2014/03/03,25,110,285
2014/03/04,25,116,292
2014/03/05,24,117,292
2014/03/06,23,117,287
2014/03/07,23,118,286
2014/03/08,23,116,284
2014/03/09,22,116,288
2014/03/10,22,117,293
2014/03/11,23,119,285
2014/03/12,22,120,287
2014/03/13,23,121,285
2014/03/14,23,120,296
2014/03/15,23,125,297
2014/03/16,25,130,304
2014/03/17,26,134,311
2014/03/18,27,136,311
2014/03/19,28,131,310
2014/03/20,28,128,306
2014/03/21,29,127,302
2014/03/22,30,131,299
2014/03/23,30,133,295
2014/03/24,29,138,297
2014/03/25,28,142,303
2014/03/26,29,145,310
2014/03/27,30,145,310
2014/03/28,32,145,313
2014/03/29,32,147,319
2014/03/30,32,149,321
2014/03/31,34,150,324
2014/04/01,34,152,327
2014/04/02,33,152,331
2014/04/03,33,150,329
2014/04/04,33,147,327
2014/04/05,32,150,329
2014/04/06,32,151,329
2014/04/07,32,149,329
2014/04/08,32,149,332
2014/04/09,32,152,336
2014/04/10,32,150,339
2014/04/11,31,152,332
2014/04/12,30,155,333
2014/04/13,29,151,328
2014/04/14,33,147,320
2014/04/15,30,147,315
2014/04/16,29,147,319
2014/04/17,27,147,322
2014/04/18,28,149,336
2014/04/19,28,153,338
2014/04/20,25,156,342
2014/04/21,25,155,347
2014/04/22,27,162,349
2014/04/23,25,160,353
2014/04/24,25,159,352
2014/04/25,25,161,346
2014/04/26,25,162,349
2014/04/27,24,164,355
2014/04/28,24,161,352
2014/04/29,24,161,354
2014/04/30,23,165,347
2014/05/01,23,162,346
2014/05/02,25,161,345
2014/05/03,26,162,344
2014/05/04,26,166,343
2014/05/05,26,166,339
2014/05/06,27,165,340
2014/05/07,26,163,339
2014/05/08,28,161,342
2014/05/09,28,158,345
2014/05/10,27,165,349
2014/05/11,29,170,350
2014/05/12,30,169,349
2014/05/13,30,168,353
2014/05/14,30,167,359
2014/05/15,30,165,362
2014/05/16,31,163,364
2014/05/17,31,164,369
2014/05/18,33,164,372
2014/05/19,34,163,365
2014/05/20,33,162,371
2014/05/21,32,163,367
2014/05/22,31,163,364
2014/05/23,33,159,364
2014/05/24,34,160,370
2014/05/25,34,157,372
2014/05/26,34,160,369
2014/05/27,35,156,370
2014/05/28,34,162,367
2014/05/29,35,162,361
2014/05/30,34,158,357
2014/05/31,35,158,358
2014/06/01,35,161,355
2014/06/02,36,160,356
2014/06/03,36,160,355
2014/06/04,36,160,356
2014/06/05,37,157,369
2014/06/06,38,158,364
2014/06/07,39,156,359
2014/06/08,39,160,359
2014/06/09,38,158,357
2014/06/10,37,156,358
2014/06/11,39,157,359
2014/06/12,38,163,363
2014/06/13,38,164,356
2014/06/14,38,161,355
2014/06/15,39,161,352
2014/06/16,39,160,344
2014/06/17,39,154,339
2014/06/18,38,150,333
2014/06/19,37,152,333
2014/06/20,37,153,330
2014/06/21,35,151,321
2014/06/22,35,152,325
2014/06/23,35,149,326
2014/06/24,34,150,322
2014/06/25,34,151,324
2014/06/26,35,155,318
2014/06/27,35,151,314
2014/06/28,35,149,313
2014/06/29,34,150,316
2014/06/30,34,147,312
2014/07/01,35,147,314
2014/07/02,33,148,318
2014/07/03,34,147,313
2014/07/04,34,146,306
2014/07/05,35,144,296
2014/07/06,34,145,296
2014/07/07,33,140,294
2014/07/08,32,163,320
2014/07/09,32,175,319
2014/07/10,31,173,314
2014/07/11,33,172,311
2014/07/12,34,170,309
2014/07/13,33,170,314
2014/07/14,36,171,315
2014/07/15,38,165,316
2014/07/16,42,162,318
2014/07/17,42,163,318
2014/07/18,48,168,323
2014/07/19,52,171,328
2014/07/20,52,171,330
2014/07/21,50,173,333
2014/07/22,49,171,327
2014/07/23,51,174,334
2014/07/24,53,183,343
2014/07/25,52,188,344
2014/07/26,54,193,352
2014/07/27,54,196,353
2014/07/28,56,198,360
2014/07/29,57,192,360
2014/07/30,60,195,358
2014/07/31,60,197,353
2014/08/01,60,194,358
2014/08/02,61,203,373
2014/08/03,63,208,388
2014/08/04,64,209,398
2014/08/05,65,215,416
2014/08/06,65,224,429
2014/08/07,65,236,444
2014/08/08,64,246,458
2014/08/09,59,249,465
2014/08/10,58,249,472
2014/08/11,54,250,474
2014/08/12,54,256,475
2014/08/13,51,256,476
2014/08/14,49,277,496
2014/08/15,51,280,495
2014/08/16,57,284,502
2014/08/17,56,285,498
2014/08/18,56,274,496
2014/08/19,60,272,499
2014/08/20,63,271,494
2014/08/21,69,269,500
2014/08/22,69,267,498
2014/08/23,79,264,491
2014/08/24,83,263,491
2014/08/25,84,267,488
2014/08/26,84,268,484
2014/08/27,84,268,484
2014/08/28,84,267,479
2014/08/29,85,265,477
2014/08/30,86,262,476
2014/08/31,86,261,475
2014/09/01,86,255,461
2014/09/02,86,255,456
2014/09/03,86,258,451
2014/09/04,87,258,457
2014/09/05,85,257,453
2014/09/06,85,254,451
2014/09/07,84,251,455
2014/09/08,83,247,443
2014/09/09,82,248,444
2014/09/10,84,249,440
2014/09/11,85,251,442
2014/09/12,84,250,441
2014/09/13,85,245,439
2014/09/14,77,252,448
2014/09/15,70,252,446
2014/09/16,64,247,449
2014/09/17,66,245,450
2014/09/18,60,251,459
2014/09/19,56,254,462
2014/09/20,52,253,457
2014/09/21,54,257,462
2014/09/22,55,253,468
2014/09/23,55,244,468
2014/09/24,55,230,447
2014/09/25,55,235,456
2014/09/26,55,236,458
2014/09/27,55,232,452
2014/09/28,54,231,451
2014/09/29,54,233,454
2014/09/30,53,235,464
2014/10/01,52,235,469
2014/10/02,52,232,475
2014/10/03,53,235,473
2014/10/04,52,235,475
2014/10/05,53,241,474
2014/10/06,51,246,472
2014/10/07,52,245,471
2014/10/08,52,249,471
2014/10/09,53,248,464
2014/10/10,53,248,464
2014/10/11,53,246,462
2014/10/12,53,249,464
2014/10/13,51,249,459
2014/10/14,51,242,455
2014/10/15,53,240,447
2014/10/16,52,237,443
2014/10/17,50,237,446
2014/10/18,51,233,435
2014/10/19,50,232,432
2014/10/20,51,237,432
2014/10/21,49,229,428
2014/10/22,48,227,421
2014/10/23,47,229,424
2014/10/24,48,228,421
2014/10/25,46,225,411
2014/10/26,46,231,418
2014/10/27,47,235,424
2014/10/28,48,231,426
2014/10/29,47,228,423
2014/10/30,48,226,426
2014/10/31,48,226,422
2014/11/01,48,229,420
2014/11/02,49,229,417
2014/11/03,48,222,411
2014/11/04,49,218,405
2014/11/05,49,222,405
2014/11/06,51,220,402
2014/11/07,51,215,401
2014/11/08,49,215,402
2014/11/09,49,215,401
2014/11/10,48,213,404
2014/11/11,47,207,399
2014/11/12,46,207,397
2014/11/13,46,210,399
2014/11/14,46,209,401
2014/11/15,46,210,399
2014/11/16,47,211,411
2014/11/17,45,216,414
2014/11/18,45,217,416
2014/11/19,47,216,414
2014/11/20,46,218,418
2014/11/21,47,211,413
2014/11/22,47,216,415
2014/11/23,49,216,419
2014/11/24,51,215,415
2014/11/25,47,215,416
2014/11/26,47,213,417
2014/11/27,46,214,421
2014/11/28,46,214,424
2014/11/29,46,212,418
2014/11/30,46,212,428
2014/12/01,46,214,426
2014/12/02,45,214,430
2014/12/03,44,219,435
2014/12/04,44,216,433
2014/12/05,46,216,432
2014/12/06,46,219,434
2014/12/07,49,224,440
2014/12/08,49,230,455
2014/12/09,51,230,458
2014/12/10,51,231,455
2014/12/11,52,231,462
2014/12/12,50,231,460
2014/12/13,51,229,460
2014/12/14,52,225,458
2014/12/15,52,223,455
2014/12/16,50,218,445
2014/12/17,51,221,443
2014/12/18,50,220,439
2014/12/19,52,214,440
2014/12/20,53,216,437
2014/12/21,53,219,442
2014/12/22,49,216,440
2014/12/23,49,216,439
2014/12/24,50,214,440
2014/12/25,51,214,442
2014/12/26,49,214,436
2014/12/27,47,216,427
2014/12/28,46,218,430
2014/12/29,47,219,429
2014/12/30,45,214,428
2014/12/31,44,202,416
2015/01/01,44,202,407
2015/01/02,43,199,399
2015/01/03,43,196,403
2015/01/04,42,197,401
2015/01/05,42,194,403
2015/01/06,42,192,392
2015/01/07,43,188,377
2015/01/08,42,190,371
2015/01/09,44,205,382
2015/01/10,45,207,374
2015/01/11,44,208,379
2015/01/12,45,208,379
2015/01/13,45,203,376
2015/01/14,45,203,373
2015/01/15,43,206,382
2015/01/16,43,207,383
2015/01/17,43,205,390
2015/01/18,44,206,392
2015/01/19,42,202,402
2015/01/20,43,201,393
2015/01/21,42,198,391
2015/01/22,41,196,391
2015/01/23,39,197,389
2015/01/24,39,201,403
2015/01/25,41,204,403
2015/01/26,41,208,410
2015/01/27,40,214,418
2015/01/28,40,216,423
2015/01/29,42,215,421
2015/01/30,42,222,425
2015/01/31,42,225,430
2015/02/01,42,229,440
2015/02/02,41,228,445
2015/02/03,42,231,453
2015/02/04,43,234,457
2015/02/05,43,233,461
2015/02/06,41,236,469
2015/02/07,41,234,469
2015/02/08,39,235,487
2015/02/09,38,231,487
2015/02/10,40,227,493
2015/02/11,40,219,496
2015/02/12,41,221,504
2015/02/13,41,219,501
2015/02/14,40,212,497
2015/02/15,42,217,492
2015/02/16,43,215,489
2015/02/17,43,213,490
2015/02/18,42,210,482
2015/02/19,40,206,482
2015/02/20,40,206,476
2015/02/21,39,204,473
2015/02/22,39,205,482
2015/02/23,41,204,484
2015/02/24,40,197,486
2015/02/25,39,194,469
2015/02/26,39,195,465
2015/02/27,38,191,469
2015/02/28,38,202,476
2015/03/01,38,204,470
2015/03/02,37,204,471
2015/03/03,35,208,482
2015/03/04,35,214,484
2015/03/05,36,219,482
2015/03/06,37,224,491
2015/03/07,40,227,493
2015/03/08,42,225,489
2015/03/09,43,225,491
2015/03/10,42,225,486
2015/03/11,42,230,496
2015/03/12,42,229,495
2015/03/13,43,229,489
2015/03/14,44,232,480
2015/03/15,45,236,488
2015/03/16,46,244,495
2015/03/17,45,243,494
2015/03/18,45,249,498
2015/03/19,48,249,501
2015/03/20,49,251,509
2015/03/21,49,252,516
2015/03/22,50,257,523
2015/03/23,50,255,525
2015/03/24,52,252,524
2015/03/25,52,256,517
2015/03/26,52,262,518
2015/03/27,54,266,534
2015/03/28,56,268,538
2015/03/29,59,268,546
2015/03/30,60,265,538
2015/03/31,60,263,540
2015/04/01,63,263,538
2015/04/02,63,262,542
2015/04/03,62,262,539
2015/04/04,60,260,536
2015/04/05,59,264,542
2015/04/06,59,270,538
2015/04/07,59,269,537
2015/04/08,59,266,536
2015/04/09,57,269,536
2015/04/10,59,273,540
2015/04/11,60,274,538
2015/04/12,63,271,547
2015/04/13,61,269,542
2015/04/14,62,265,540
2015/04/15,62,260,533
2015/04/16,65,258,533
2015/04/17,65,258,530
2015/04/18,65,253,521
2015/04/19,62,250,521
2015/04/20,64,249,519
2015/04/21,61,243,515
2015/04/22,61,245,513
2015/04/23,61,245,511
2015/04/24,62,243,508
2015/04/25,61,238,506
2015/04/26,61,236,497
2015/04/27,60,231,480
2015/04/28,57,230,473
2015/04/29,58,228,472
2015/04/30,60,228,470
2015/05/01,58,231,484
2015/05/02,60,225,471
2015/05/03,59,225,472
2015/05/04,60,232,480
2015/05/05,59,230,479
2015/05/06,60,230,475
2015/05/07,60,228,478
2015/05/08,59,232,471
2015/05/09,58,231,478
2015/05/10,57,225,472
2015/05/11,59,231,471
2015/05/12,59,233,475
2015/05/13,60,238,480
2015/05/14,58,245,484
2015/05/15,56,250,492
2015/05/16,57,254,492
2015/05/17,56,251,489
2015/05/18,54,250,493
2015/05/19,52,250,494
2015/05/20,54,251,499
2015/05/21,59,249,492
2015/05/22,58,248,490
2015/05/23,58,246,488
2015/05/24,57,242,490
2015/05/25,57,244,493
2015/05/26,57,244,485
2015/05/27,57,248,493
2015/05/28,57,259,504
2015/05/29,59,266,503
2015/05/30,59,277,514
2015/05/31,61,283,509
2015/06/01,63,284,515
2015/06/02,62,287,523
2015/06/03,58,283,514
2015/06/04,58,289,514
2015/06/05,60,286,515
2015/06/06,60,286,509
2015/06/07,60,283,508
2015/06/08,60,277,508
2015/06/09,60,276,512
2015/06/10,58,272,513
2015/06/11,58,273,512
2015/06/12,60,274,509
2015/06/13,61,270,504
2015/06/14,63,264,496
2015/06/15,61,258,485
2015/06/16,61,254,480
2015/06/17,60,252,480
2015/06/18,58,246,468
2015/06/19,57,243,459
2015/06/20,58,243,456
2015/06/21,56,244,463
2015/06/22,57,244,466
2015/06/23,57,247,464
2015/06/24,59,258,468
2015/06/25,61,260,469
2015/06/26,61,263,466
2015/06/27,61,255,466
2015/06/28,59,251,462
2015/06/29,57,243,455
2015/06/30,60,235,447
2015/07/01,58,232,439
2015/07/02,60,230,433
2015/07/03,64,227,433
2015/07/04,63,225,434
2015/07/05,60,225,433
2015/07/06,59,229,436
2015/07/07,61,230,434
2015/07/08,62,231,432
2015/07/09,63,230,430
2015/07/10,63,234,425
2015/07/11,65,234,429
2015/07/12,64,229,432
2015/07/13,63,226,428
2015/07/14,65,239,446
2015/07/15,65,242,454
2015/07/16,67,250,459
2015/07/17,69,248,455
2015/07/18,67,247,459
2015/07/19,70,245,467
2015/07/20,70,247,463
2015/07/21,71,248,457
2015/07/22,71,252,464
2015/07/23,72,251,463
2015/07/24,69,249,466
2015/07/25,67,249,468
2015/07/26,64,244,465
2015/07/27,63,242,457
2015/07/28,67,243,464
2015/07/29,67,246,462
2015/07/30,66,247,466
2015/07/31,67,245,465
2015/08/01,65,247,455
2015/08/02,65,241,453
2015/08/03,64,239,455
2015/08/04,65,241,450
2015/08/05,66,252,478
2015/08/06,67,267,490
2015/08/07,66,271,498
2015/08/08,67,274,493
2015/08/09,66,278,495
2015/08/10,71,277,496
2015/08/11,74,274,491
2015/08/12,74,273,490
2015/08/13,75,271,490
2015/08/14,74,268,489
2015/08/15,73,270,485
2015/08/16,72,264,476
2015/08/17,73,260,470
2015/08/18,73,270,484
2015/08/19,72,271,486
2015/08/20,70,275,483
2015/08/21,73,272,491
2015/08/22,72,275,493
2015/08/23,74,276,484
2015/08/24,72,274,483
2015/08/25,75,272,484
2015/08/26,74,274,483
2015/08/27,83,270,483
2015/08/28,83,269,479
2015/08/29,82,264,480
2015/08/30,83,260,476
2015/08/31,82,257,474
2015/09/01,82,251,465
2015/09/02,82,251,460
2015/09/03,79,249,459
2015/09/04,77,254,467
2015/09/05,73,252,474
2015/09/06,73,250,476
2015/09/07,69,250,475
2015/09/08,69,250,472
2015/09/09,69,243,472
2015/09/10,68,232,465
2015/09/11,68,224,457
2015/09/12,68,225,451
2015/09/13,68,227,453
2015/09/14,67,228,455
2015/09/15,68,223,455
2015/09/16,67,227,464
2015/09/17,63,230,457
2015/09/18,62,235,451
2015/09/19,59,236,456
2015/09/20,58,239,457
2015/09/21,58,238,447
2015/09/22,54,240,445
2015/09/23,55,243,451
2015/09/24,53,244,452
2015/09/25,53,247,459
2015/09/26,46,244,467
2015/09/27,49,238,474
2015/09/28,52,222,458
2015/09/29,52,223,458
2015/09/30,53,231,465
2015/10/01,52,229,468
2015/10/02,54,229,465
2015/10/03,56,229,465
2015/10/04,57,230,469
2015/10/05,55,229,467
2015/10/06,55,225,459
2015/10/07,56,227,461
2015/10/08,57,231,464
2015/10/09,56,235,466
2015/10/10,54,232,465
2015/10/11,55,235,477
2015/10/12,57,234,475
2015/10/13,58,239,464
2015/10/14,58,241,467
2015/10/15,57,245,474
2015/10/16,58,243,469
2015/10/17,58,240,469
2015/10/18,57,240,478
2015/10/19,57,239,481
2015/10/20,58,240,482
2015/10/21,58,241,483
2015/10/22,58,244,486
2015/10/23,59,245,489
2015/10/24,58,247,486
2015/10/25,59,249,477
2015/10/26,56,248,469
2015/10/27,57,249,466
2015/10/28,57,246,465
2015/10/29,56,252,477
2015/10/30,54,259,480
2015/10/31,53,261,486
2015/11/01,55,263,481
2015/11/02,55,261,487
2015/11/03,56,258,479
2015/11/04,56,255,477
2015/11/05,56,255,481
2015/11/06,55,253,479
2015/11/07,54,251,476
2015/11/08,53,253,483
2015/11/09,53,254,480
2015/11/10,51,249,487
2015/11/11,50,248,493
2015/11/12,49,246,504
2015/11/13,48,243,499
2015/11/14,47,243,498
2015/11/15,45,243,501
2015/11/16,45,238,498
2015/11/17,43,237,502
2015/11/18,42,228,501
2015/11/19,42,231,502
2015/11/20,41,231,505
2015/11/21,40,230,517
2015/11/22,42,233,515
2015/11/23,41,231,515
2015/11/24,40,232,518
2015/11/25,40,228,520
2015/11/26,39,225,521
2015/11/27,40,225,512
2015/11/28,41,225,506
2015/11/29,39,231,512
2015/11/30,38,226,513
2015/12/01,35,220,514
2015/12/02,35,215,510
2015/12/03,34,214,508
2015/12/04,34,222,505
2015/12/05,35,217,501
2015/12/06,35,221,506
2015/12/07,35,224,507
2015/12/08,36,222,500
2015/12/09,37,223,504
2015/12/10,37,224,493
2015/12/11,37,228,496
2015/12/12,36,229,493
2015/12/13,38,235,503
2015/12/14,40,244,511
2015/12/15,40,248,511
2015/12/16,40,243,515
2015/12/17,40,242,510
2016/01/18,49,233,450
2016/01/19,50,235,447
2016/01/20,50,235,445
2016/01/21,51,243,449
2016/01/22,52,247,454
2016/01/23,52,252,463
2016/01/24,50,261,470
2016/01/25,52,261,467
2016/01/26,54,266,474
2016/01/27,54,269,482
2016/01/28,54,272,487
2016/01/29,55,272,484
2016/01/30,57,269,488
2016/01/31,58,273,500
2016/02/01,58,276,504
2016/02/02,58,281,512
2016/02/03,57,284,513
2016/02/04,58,283,507
2016/02/05,58,282,506
2016/02/06,58,280,510
2016/02/07,57,277,521
2016/02/08,52,274,526
2016/02/09,49,264,507
2016/02/10,48,266,515
2016/02/11,47,266,515
2016/02/12,46,264,514
2016/02/13,46,262,515
2016/02/14,47,253,509
2016/02/15,47,249,511
2016/02/16,45,244,506
2016/02/17,44,245,505
2016/02/18,43,242,500
2016/02/19,42,240,504
2016/02/20,44,236,501
2016/02/21,44,229,498
2016/02/22,43,223,485
2016/02/23,43,217,477
2016/02/24,42,215,477
2016/02/25,42,205,467
2016/02/26,42,200,458
2016/02/27,40,193,458
2016/02/28,41,193,455
2016/02/29,44,194,453
2016/03/01,44,190,447
2016/03/02,40,187,441
2016/03/03,40,178,434
2016/03/04,41,180,425
2016/03/05,41,176,425
2016/03/06,40,177,427
2016/03/07,40,175,411
2016/03/08,39,173,405
2016/03/09,39,170,393
2016/03/10,38,170,395
2016/03/11,37,172,395
2016/03/12,37,169,399
2016/03/13,38,168,407
2016/03/14,38,164,402
2016/03/15,37,165,391
2016/03/16,36,160,379
2016/03/17,36,160,384
2016/03/18,36,156,382
2016/03/19,36,160,385
2016/03/20,37,161,389
2016/03/21,36,164,389
2016/03/22,36,167,386
2016/03/23,38,170,389
2016/03/24,37,167,392
2016/03/25,36,167,397
2016/03/26,37,167,407
2016/03/27,38,169,413
2016/03/28,39,162,409
2016/03/29,38,163,405
2016/03/30,37,163,408
2016/03/31,38,162,404
2016/04/01,37,164,406
2016/04/02,35,171,409
2016/04/03,35,173,417
2016/04/04,37,174,409
2016/04/05,36,172,404
2016/04/06,36,169,403
2016/04/07,34,171,407
2016/04/08,34,172,410
2016/04/09,33,171,412
2016/04/10,36,171,411
2016/04/11,37,171,415
2016/04/12,37,169,408
2016/04/13,38,164,408
2016/04/14,35,164,410
2016/04/15,35,165,417
2016/04/16,36,165,423
2016/04/17,36,166,423
2016/04/18,38,163,425
2016/04/19,39,162,423
2016/04/20,39,165,422
2016/04/21,39,166,425
2016/04/22,40,162,419
2016/04/23,40,162,416
2016/04/24,39,163,406
2016/04/25,35,166,405
2016/04/26,34,165,400
2016/04/27,34,164,401
2016/04/28,35,166,401
2016/04/29,35,167,394
2016/04/30,34,161,391
2016/05/01,34,161,398
2016/05/02,33,157,398
2016/05/03,34,156,387
2016/05/04,32,159,385
2016/05/05,33,158,388
2016/05/06,33,160,389
2016/05/07,35,161,383
2016/05/08,35,161,384
2016/05/09,36,162,390
2016/05/10,34,164,391
2016/05/11,33,163,387
2016/05/12,32,163,382
2016/05/13,34,163,382
2016/05/14,34,158,382
2016/05/15,37,156,375
2016/05/16,36,153,376
2016/05/17,35,150,375
2016/05/18,34,150,378
2016/05/19,38,145,375
2016/05/20,37,145,372
2016/05/21,37,144,368
2016/05/22,37,148,371
2016/05/23,37,146,372
2016/05/24,37,149,371
2016/05/25,36,152,366
2016/05/26,36,152,362
2016/05/27,35,155,358
2016/05/28,35,153,361
2016/05/29,35,153,362
2016/05/30,35,153,361
2016/05/31,35,154,362
2016/06/01,33,153,360
2016/06/02,34,150,361
2016/06/03,34,153,355
2016/06/04,36,155,361
2016/06/05,36,157,368
2016/06/06,36,161,367
2016/06/07,35,159,362
2016/06/08,35,160,365
2016/06/09,35,164,366
2016/06/10,34,171,374
2016/06/11,34,172,376
2016/06/12,36,176,381
2016/06/13,34,181,383
2016/06/14,33,185,383
2016/06/15,33,184,377
2016/06/16,34,198,405
2016/06/17,35,227,422
2016/06/18,35,230,417
2016/06/19,39,236,425
2016/06/20,39,240,430
2016/06/21,38,241,430
2016/06/22,37,240,431
2016/06/23,39,239,432
2016/06/24,39,238,432
2016/06/25,40,241,434
2016/06/26,41,239,431
2016/06/27,42,240,429
2016/06/28,42,242,432
2016/06/29,45,243,440
2016/06/30,46,247,444
2016/07/01,44,246,447
2016/07/02,46,248,445
2016/07/03,47,251,450
2016/07/04,47,248,443
2016/07/05,50,247,443
2016/07/06,52,244,443
2016/07/07,52,244,446
2016/07/08,51,240,440
2016/07/09,52,238,444
2016/07/10,51,238,440
2016/07/11,53,237,436
2016/07/12,52,231,432
2016/07/13,53,231,429
2016/07/14,53,231,431
2016/07/15,55,227,434
2016/07/16,53,225,429
2016/07/17,48,224,432
2016/07/18,46,220,430
2016/07/19,46,211,430
2016/07/20,46,208,428
2016/07/21,47,206,429
2016/07/22,47,206,428
2016/07/23,46,209,423
2016/07/24,48,207,422
2016/07/25,46,204,418
2016/07/26,44,201,416
2016/07/27,46,198,414
2016/07/28,45,196,407
2016/07/29,47,207,414
2016/07/30,48,211,413
2016/07/31,48,209,404
2016/08/01,51,207,399
2016/08/02,52,207,398
2016/08/03,52,209,406
2016/08/04,58,204,404
2016/08/05,60,201,409
2016/08/06,64,200,403
2016/08/07,64,202,404
2016/08/08,65,201,398
2016/08/09,65,203,402
2016/08/10,63,201,401
2016/08/11,63,202,398
2016/08/12,62,200,399
2016/08/13,63,200,405
2016/08/14,62,205,399
2016/08/15,63,204,400
2016/08/16,63,203,396
2016/08/17,61,208,401
2016/08/18,61,211,408
2016/08/19,61,220,424
2016/08/20,61,239,441
2016/08/21,59,245,446
2016/08/22,59,249,450
2016/08/23,62,251,449
2016/08/24,62,255,453
2016/08/25,61,254,460
2016/08/26,62,255,459
2016/08/27,62,256,462
2016/08/28,55,258,471
2016/08/29,50,260,467
2016/08/30,46,257,462
2016/08/31,43,254,464
2016/09/01,41,254,460
2016/09/02,41,252,458
2016/09/03,38,255,456
2016/09/04,35,258,463
2016/09/05,35,231,449
2016/09/06,35,228,445
2016/09/07,35,230,448
2016/09/08,35,231,447
2016/09/09,36,228,447
2016/09/10,37,228,443
2016/09/11,38,228,443
2016/09/12,38,224,435
2016/09/13,38,226,438
2016/09/14,38,228,438
2016/09/15,37,228,438
2016/09/16,38,223,433
2016/09/17,38,224,433
2016/09/18,37,222,441
2016/09/19,37,215,438
2016/09/20,35,215,436
2016/09/21,37,211,442
2016/09/22,36,201,445
2016/09/23,36,183,439
2016/09/24,36,164,392
2016/09/25,37,165,397
2016/09/26,37,164,392
2016/09/27,38,165,390
2016/09/28,35,164,389
2016/09/29,35,162,387
2016/09/30,36,160,389
2016/10/01,36,158,388
2016/10/02,38,161,391
2016/10/03,37,158,388
2016/10/04,35,157,384
2016/10/05,38,157,380
2016/10/06,38,158,371
2016/10/07,38,156,366
2016/10/08,39,153,368
2016/10/09,39,157,370
2016/10/10,37,157,373
2016/10/11,37,152,372
2016/10/12,36,151,377
2016/10/13,37,155,379
2016/10/14,37,154,386
2016/10/15,38,156,383
2016/10/16,38,158,390
2016/10/17,38,160,396
2016/10/18,38,157,382
2016/10/19,37,158,387
2016/10/20,38,164,392
2016/10/21,37,165,388
2016/10/22,38,162,388
2016/10/23,39,165,394
2016/10/24,40,166,395
2016/10/25,40,164,384
2016/10/26,40,161,384
2016/10/27,40,158,384
2016/10/28,39,163,390
2016/10/29,38,167,397
2016/10/30,37,173,394
2016/10/31,37,175,387
2016/11/01,38,176,389
2016/11/02,38,176,396
2016/11/03,39,181,409
2016/11/04,38,190,420
2016/11/05,39,194,427
2016/11/06,39,214,452
2016/11/07,40,221,461
2016/11/08,40,221,467
2016/11/09,40,223,467
2016/11/10,41,226,468
2016/11/11,40,227,469
2016/11/12,40,226,465
2016/11/13,38,229,463
2016/11/14,38,230,471
2016/11/15,40,232,465
2016/11/16,40,230,458
2016/11/17,39,232,468
