date,map_bmswiki (100+),map_bmswiki (5+),map_bmswiki (all)
2012/08/19,2,11,33
2012/08/20,2,12,35
2012/08/21,2,13,36
2012/08/22,2,13,36
2012/08/23,2,12,37
2012/08/24,2,12,36
2012/08/25,1,12,36
2012/08/26,1,12,38
2012/08/27,1,11,39
2012/08/28,1,11,37
2012/08/29,1,11,40
2012/08/30,1,11,42
2012/08/31,1,11,43
2012/09/01,1,11,44
2012/09/02,1,11,45
2012/09/03,1,11,43
2012/09/04,1,11,44
2012/09/05,1,11,45
2012/09/06,1,11,46
2012/09/07,1,11,46
2012/09/08,1,10,42
2012/09/09,1,10,41
2012/09/10,1,10,41
2012/09/11,1,10,40
2012/09/12,1,10,39
2012/09/13,1,10,39
2012/09/14,1,10,40
2012/09/15,1,10,40
2012/09/16,1,10,40
2012/09/17,1,10,40
2012/09/18,1,9,40
2012/09/19,1,10,39
2012/09/20,1,10,38
2012/09/21,1,9,37
2012/09/22,1,11,38
2012/09/23,1,11,39
2012/09/24,1,11,40
2012/09/25,1,11,39
2012/09/26,1,11,38
2012/09/27,1,11,39
2012/09/28,1,11,37
2012/09/29,1,11,32
2012/09/30,1,11,32
2012/10/01,1,11,30
2012/10/02,1,11,30
2012/10/03,,11,30
2012/10/04,,11,30
2012/10/05,,11,28
2012/10/06,,11,28
2012/10/07,2,13,27
2012/10/08,2,13,25
2012/10/09,2,13,27
2012/10/10,2,14,27
2012/10/11,2,14,27
2012/10/12,2,13,28
2012/10/13,2,12,28
2012/10/14,2,12,28
2012/10/15,2,12,28
2012/10/16,2,13,28
2012/10/17,2,14,27
2012/10/18,2,13,27
2012/10/19,2,13,28
2012/10/20,2,13,29
2012/10/21,2,13,30
2012/10/22,2,13,30
2012/10/23,2,13,29
2012/10/24,2,13,30
2012/10/25,2,13,30
2012/10/26,2,14,30
2012/10/27,2,14,31
2012/10/28,2,14,31
2012/10/29,2,15,35
2012/10/30,2,14,35
2012/10/31,2,14,36
2012/11/01,2,15,34
2012/11/02,2,15,34
2012/11/03,2,15,33
2012/11/04,2,15,33
2012/11/05,2,16,32
2012/11/06,1,16,35
2012/11/07,1,15,35
2012/11/08,1,14,36
2012/11/09,1,13,36
2012/11/10,1,13,36
2012/11/11,1,13,36
2012/11/12,1,13,38
2012/11/13,1,13,38
2012/11/14,1,14,38
2012/11/15,1,13,37
2012/11/16,1,14,38
2012/11/17,1,15,38
2012/11/18,1,16,38
2012/11/19,1,14,37
2012/11/20,1,16,38
2012/11/21,1,15,37
2012/11/22,1,15,38
2012/11/23,1,15,37
2012/11/24,1,14,37
2012/11/25,1,15,40
2012/11/26,1,16,41
2012/11/27,1,16,41
2012/11/28,1,15,37
2012/11/29,1,16,37
2012/11/30,1,18,36
2012/12/01,1,18,37
2012/12/02,1,17,38
2012/12/03,1,17,39
2012/12/04,1,18,39
2012/12/05,1,18,40
2012/12/06,1,18,39
2012/12/07,1,17,38
2012/12/08,1,17,38
2012/12/09,1,17,38
2012/12/10,2,17,41
2012/12/11,3,18,42
2012/12/12,3,17,41
2012/12/13,2,19,41
2012/12/14,1,18,40
2012/12/15,1,19,43
2012/12/16,2,19,42
2012/12/17,2,19,43
2012/12/18,1,19,43
2012/12/19,1,17,42
2012/12/20,1,18,40
2012/12/21,1,18,41
2012/12/22,1,19,41
2012/12/23,1,19,41
2012/12/24,1,19,42
2012/12/25,1,18,41
2012/12/26,2,18,39
2012/12/27,2,18,40
2012/12/28,2,18,41
2012/12/29,2,18,41
2012/12/30,3,16,42
2012/12/31,4,15,41
2013/01/01,4,15,40
2013/01/02,4,16,39
2013/01/03,5,17,40
2013/01/04,5,17,39
2013/01/05,5,16,37
2013/01/06,5,16,37
2013/01/07,5,16,38
2013/01/08,5,16,38
2013/01/09,5,16,35
2013/01/10,5,16,35
2013/01/11,5,17,37
2013/01/12,5,16,38
2013/01/13,5,16,39
2013/01/14,5,15,38
2013/01/15,5,15,39
2013/01/16,5,14,37
2013/01/17,5,15,40
2013/01/18,5,15,40
2013/01/19,5,15,43
2013/01/20,5,16,42
2013/01/21,5,16,41
2013/01/22,5,15,42
2013/01/23,5,15,42
2013/01/24,5,17,43
2013/01/25,5,17,44
2013/01/26,5,17,45
2013/01/27,5,17,45
2013/01/28,5,17,45
2013/01/29,5,18,45
2013/01/30,5,18,46
2013/01/31,4,21,46
2013/02/01,5,22,46
2013/02/02,5,23,47
2013/02/03,5,23,47
2013/02/04,5,23,47
2013/02/05,5,22,48
2013/02/06,5,22,47
2013/02/07,5,22,47
2013/02/08,5,22,49
2013/02/09,5,23,50
2013/02/10,5,22,49
2013/02/11,5,23,48
2013/02/12,5,23,48
2013/02/13,5,24,49
2013/02/14,5,25,48
2013/02/15,5,24,46
2013/02/16,5,21,46
2013/02/17,5,21,45
2013/02/18,5,21,42
2013/02/19,5,23,44
2013/02/20,5,23,44
2013/02/21,5,23,42
2013/02/22,5,23,41
2013/02/23,5,23,42
2013/02/24,5,22,41
2013/02/25,5,21,39
2013/02/26,5,21,39
2013/02/27,5,21,39
2013/02/28,5,21,40
2013/03/01,4,21,42
2013/03/02,2,20,41
2013/03/03,2,20,40
2013/03/04,1,21,37
2013/03/05,1,21,37
2013/03/06,1,21,39
2013/03/07,2,20,39
2013/03/08,2,20,39
2013/03/09,2,20,37
2013/03/10,2,20,37
2013/03/11,2,19,37
2013/03/12,3,18,37
2013/03/13,3,18,37
2013/03/14,3,18,37
2013/03/15,3,18,36
2013/03/16,3,16,35
2013/03/17,3,15,33
2013/03/18,3,14,31
2013/03/19,3,14,31
2013/03/20,3,14,31
2013/03/21,3,11,25
2013/03/22,3,11,25
2013/03/23,3,11,25
2013/03/24,3,11,25
2013/03/25,3,10,24
2013/03/26,3,10,22
2013/03/27,3,10,22
2013/03/28,3,10,21
2013/03/29,3,9,22
2013/03/30,3,8,21
2013/03/31,3,8,19
2013/04/01,3,8,19
2013/04/02,3,8,19
2013/04/03,2,5,16
2013/04/04,1,4,14
2013/04/05,1,4,12
2013/04/06,1,3,10
2013/04/07,1,3,8
2013/04/08,1,3,9
2013/04/09,1,3,9
2013/04/10,1,3,9
2013/04/11,1,3,10
2013/04/12,1,3,10
2013/04/13,1,3,10
2013/04/14,1,3,10
2013/04/15,1,4,11
2013/04/16,2,4,11
2013/04/17,2,4,10
2013/04/18,2,4,10
2013/04/19,2,4,11
2013/04/20,2,4,11
2013/04/21,2,4,12
2013/04/22,2,4,13
2013/04/23,2,5,15
2013/04/24,2,5,15
2013/04/25,2,5,15
2013/04/26,2,5,15
2013/04/27,2,5,15
2013/04/28,2,5,14
2013/04/29,2,5,14
2013/04/30,2,5,14
2013/05/01,2,5,14
2013/05/02,2,5,13
2013/05/03,1,4,12
2013/05/04,1,4,12
2013/05/05,1,4,12
2013/05/06,1,4,12
2013/05/07,1,4,13
2013/05/08,1,4,12
2013/05/09,1,4,13
2013/05/10,1,5,14
2013/05/11,1,5,14
2013/05/12,1,5,14
2013/05/13,1,5,14
2013/05/14,1,4,14
2013/05/15,1,5,14
2013/05/16,1,5,14
2013/05/17,1,4,15
2013/05/18,1,4,15
2013/05/19,1,4,14
2013/05/20,1,4,14
2013/05/21,1,4,13
2013/05/22,1,4,12
2013/05/23,1,4,11
2013/05/24,1,4,11
2013/05/25,1,4,11
2013/05/26,1,4,11
2013/05/27,1,4,11
2013/05/28,1,4,11
2013/05/29,1,4,11
2013/05/30,1,6,13
2013/05/31,1,5,13
2013/06/01,1,5,12
2013/06/02,1,5,12
2013/06/03,1,5,11
2013/06/04,1,5,11
2013/06/05,1,6,11
2013/06/06,1,6,10
2013/06/07,1,6,10
2013/06/08,1,6,9
2013/06/09,1,5,8
2013/06/10,1,5,8
2013/06/11,1,5,7
2013/06/12,1,5,7
2013/06/13,1,5,7
2013/06/14,,4,6
2013/06/15,,5,7
2013/06/16,,5,7
2013/06/17,,5,8
2013/06/18,,5,8
2013/06/19,,5,8
2013/06/20,,5,8
2013/06/21,,5,8
2013/06/22,,5,8
2013/06/23,,4,8
2013/06/24,,5,8
2013/06/25,,5,8
2013/06/26,,5,8
2013/06/27,,5,8
2013/06/28,,5,8
2013/06/29,,3,7
2013/06/30,,3,7
2013/07/01,,3,8
2013/07/02,,3,9
2013/07/03,,3,9
2013/07/04,,3,9
2013/07/05,,2,9
2013/07/06,,2,9
2013/07/07,,2,9
2013/07/08,,2,9
2013/07/09,,1,9
2013/07/10,,2,8
2013/07/11,,2,8
2013/07/12,,2,8
2013/07/13,,2,8
2013/07/14,,2,8
2013/07/15,,2,8
2013/07/16,,2,8
2013/07/17,,2,7
2013/07/18,,2,7
2013/07/19,,2,8
2013/07/20,,2,8
2013/07/21,,2,8
2013/07/22,,2,8
2013/07/23,,2,8
2013/07/24,,3,10
2013/07/25,,3,10
2013/07/26,,3,10
2013/07/27,,3,10
2013/07/28,,3,10
2013/07/29,,3,10
2013/07/30,,3,10
2013/07/31,,3,9
2013/08/01,,3,9
2013/08/02,,2,8
2013/08/03,,2,8
2013/08/04,,2,7
2013/08/05,,2,7
2013/08/06,,2,7
2013/08/07,,2,7
2013/08/08,,3,7
2013/08/09,,3,7
2013/08/10,,3,7
2013/08/11,,3,7
2013/08/12,,3,8
2013/08/13,,3,8
2013/08/14,,3,8
2013/08/15,,3,8
2013/08/16,,3,9
2013/08/17,,2,9
2013/08/18,,2,10
2013/08/19,,2,10
2013/08/20,,3,10
2013/08/21,,3,10
2013/08/22,,3,10
2013/08/23,,1,10
2013/08/24,,1,10
2013/08/25,,1,10
2013/08/26,,1,10
2013/08/27,,1,9
2013/08/28,,2,10
2013/08/29,,3,11
2013/08/30,,2,10
2013/08/31,,2,11
2013/09/01,,2,11
2013/09/02,,2,11
2013/09/03,,2,11
2013/09/04,,2,10
2013/09/05,,2,10
2013/09/06,,2,10
2013/09/07,,2,10
2013/09/08,,1,9
2013/09/09,,1,10
2013/09/10,,1,10
2013/09/11,,1,9
2013/09/12,,1,9
2013/09/13,,1,9
2013/09/14,,1,9
2013/09/15,,1,7
2013/09/16,,1,7
2013/09/17,,1,6
2013/09/18,,1,6
2013/09/19,,,6
2013/09/20,,,6
2013/09/21,,,6
2013/09/22,,1,7
2013/09/23,1,1,7
2013/09/24,1,1,6
2013/09/25,1,1,6
2013/09/26,1,1,6
2013/09/27,1,1,4
2013/09/28,1,1,4
2013/09/29,1,1,4
2013/09/30,1,1,3
2013/10/01,1,1,4
2013/10/02,1,1,4
2013/10/03,1,1,4
2013/10/04,1,1,4
2013/10/05,1,1,4
2013/10/06,1,1,4
2013/10/07,1,1,4
2013/10/08,1,1,4
2013/10/09,1,1,4
2013/10/10,1,1,4
2013/10/11,1,1,4
2013/10/12,1,1,4
2013/10/13,1,1,4
2013/10/14,1,1,5
2013/10/15,1,1,5
2013/10/16,1,1,5
2013/10/17,1,1,5
2013/10/18,1,1,5
2013/10/19,1,2,6
2013/10/20,1,2,7
2013/10/21,1,2,7
2013/10/22,1,2,6
2013/10/23,,1,5
2013/10/24,,1,5
2013/10/25,,1,6
2013/10/26,,1,6
2013/10/27,,1,6
2013/10/28,,1,6
2013/10/29,,1,7
2013/10/30,,1,8
2013/10/31,,1,7
2013/11/01,,1,7
2013/11/02,,1,7
2013/11/03,,1,7
2013/11/04,,1,8
2013/11/05,,1,8
2013/11/06,,1,8
2013/11/07,,1,8
2013/11/08,,1,7
2013/11/09,,1,7
2013/11/10,,1,7
2013/11/11,,1,7
2013/11/12,,1,7
2013/11/13,,1,6
2013/11/14,,1,6
2013/11/15,,1,6
2013/11/16,,1,6
2013/11/17,,1,6
2013/11/18,,,5
2013/11/19,,,4
2013/11/20,,,4
2013/11/21,,,4
2013/11/22,,1,5
2013/11/23,,1,5
2013/11/24,,1,4
2013/11/25,,1,4
2013/11/26,,1,4
2013/11/27,,1,4
2013/11/28,,1,3
2013/11/29,,1,3
2013/11/30,,1,3
2013/12/01,,1,4
2013/12/02,,1,5
2013/12/03,,1,6
2013/12/04,,1,5
2013/12/05,,1,5
2013/12/06,,2,6
2013/12/07,,2,6
2013/12/08,,2,7
2013/12/09,,3,9
2013/12/10,,3,9
2013/12/11,,3,9
2013/12/12,,3,9
2013/12/13,,3,9
2013/12/14,,3,9
2013/12/15,,3,9
2013/12/16,,3,9
2013/12/17,,3,9
2013/12/18,,3,9
2013/12/19,,3,9
2013/12/20,,3,9
2013/12/21,,3,9
2013/12/22,,2,8
2013/12/23,,2,8
2013/12/24,,2,8
2013/12/25,,2,8
2013/12/26,,2,8
2013/12/27,,2,8
2013/12/28,,2,8
2013/12/29,,2,7
2013/12/30,,2,7
2013/12/31,,2,7
2014/01/01,,2,6
2014/01/02,,2,5
2014/01/03,,2,5
2014/01/04,,2,5
2014/01/05,,1,5
2014/01/06,,1,5
2014/01/07,,1,4
2014/01/08,,1,4
2014/01/09,,1,4
2014/01/10,,2,5
2014/01/11,,2,5
2014/01/12,,2,5
2014/01/13,,2,5
2014/01/14,,2,5
2014/01/15,,2,6
2014/01/16,,2,6
2014/01/17,,2,5
2014/01/18,,2,5
2014/01/19,,2,5
2014/01/20,,2,5
2014/01/21,,2,5
2014/01/22,,2,5
2014/01/23,,2,5
2014/01/24,,2,5
2014/01/25,,2,5
2014/01/26,,2,5
2014/01/27,,2,5
2014/01/28,,2,5
2014/01/29,,1,4
2014/01/30,,1,4
2014/01/31,,1,5
2014/02/01,,1,5
2014/02/02,,1,5
2014/02/03,,1,5
2014/02/04,,1,4
2014/02/05,,1,4
2014/02/06,,1,4
2014/02/07,,1,3
2014/02/08,,1,3
2014/02/09,,1,4
2014/02/10,,,4
2014/02/11,,,4
2014/02/12,,,4
2014/02/13,,1,5
2014/02/14,,1,5
2014/02/15,,1,5
2014/02/16,,1,5
2014/02/17,,1,5
2014/02/18,,1,5
2014/02/19,,1,6
2014/02/20,,1,6
2014/02/21,,1,6
2014/02/22,,1,7
2014/02/23,,1,7
2014/02/24,,1,7
2014/02/25,,1,7
2014/02/26,,1,7
2014/02/27,,1,7
2014/02/28,,1,7
2014/03/01,,1,7
2014/03/02,,1,6
2014/03/03,,1,6
2014/03/04,,1,6
2014/03/05,,1,6
2014/03/06,,1,6
2014/03/07,,1,6
2014/03/08,,1,6
2014/03/09,,1,6
2014/03/10,,1,8
2014/03/11,,1,8
2014/03/12,,1,8
2014/03/13,,1,8
2014/03/14,,1,9
2014/03/15,,,7
2014/03/16,,,6
2014/03/17,,,7
2014/03/18,,,9
2014/03/19,,,9
2014/03/20,,,9
2014/03/21,,,8
2014/03/22,,,8
2014/03/23,,,8
2014/03/24,,1,8
2014/03/25,,2,9
2014/03/26,,2,10
2014/03/27,,2,10
2014/03/28,,2,10
2014/03/29,,2,12
2014/03/30,,2,12
2014/03/31,,2,13
2014/04/01,,2,13
2014/04/02,,2,13
2014/04/03,,2,13
2014/04/04,,2,13
2014/04/05,,2,13
2014/04/06,,2,13
2014/04/07,,2,14
2014/04/08,,2,14
2014/04/09,,2,12
2014/04/10,,2,12
2014/04/11,,2,12
2014/04/12,,2,12
2014/04/13,,2,13
2014/04/14,,2,13
2014/04/15,,2,12
2014/04/16,,3,12
2014/04/17,,3,10
2014/04/18,,3,12
2014/04/19,,3,12
2014/04/20,,3,12
2014/04/21,,3,13
2014/04/22,,3,13
2014/04/23,,2,12
2014/04/24,,1,12
2014/04/25,,1,11
2014/04/26,,1,11
2014/04/27,,1,11
2014/04/28,,1,9
2014/04/29,,1,9
2014/04/30,,1,7
2014/05/01,,1,7
2014/05/02,,1,10
2014/05/03,,1,10
2014/05/04,,1,10
2014/05/05,,2,12
2014/05/06,,2,12
2014/05/07,,3,12
2014/05/08,,3,12
2014/05/09,,3,13
2014/05/10,,3,12
2014/05/11,,3,12
2014/05/12,,3,12
2014/05/13,,3,11
2014/05/14,,3,11
2014/05/15,,3,11
2014/05/16,,2,11
2014/05/17,,2,11
2014/05/18,,2,9
2014/05/19,,2,9
2014/05/20,,2,9
2014/05/21,,2,9
2014/05/22,,2,10
2014/05/23,,2,10
2014/05/24,,2,10
2014/05/25,,2,10
2014/05/26,,2,11
2014/05/27,,2,11
2014/05/28,,2,11
2014/05/29,,2,11
2014/05/30,,2,12
2014/05/31,,2,13
2014/06/01,,2,11
2014/06/02,,2,10
2014/06/03,,2,10
2014/06/04,,1,8
2014/06/05,,1,8
2014/06/06,,1,7
2014/06/07,,1,7
2014/06/08,,1,7
2014/06/09,,1,6
2014/06/10,,1,6
2014/06/11,,1,7
2014/06/12,,1,7
2014/06/13,,1,7
2014/06/14,,1,7
2014/06/15,,1,7
2014/06/16,,,7
2014/06/17,,,7
2014/06/18,,,7
2014/06/19,,,7
2014/06/20,,,7
2014/06/21,,,6
2014/06/22,,,6
2014/06/23,,,6
2014/06/24,,,6
2014/06/25,,,5
2014/06/26,,,5
2014/06/27,,,5
2014/06/28,,,5
2014/06/29,,,4
2014/06/30,,,3
2014/07/01,,,4
2014/07/02,,,4
2014/07/03,1,1,5
2014/07/04,1,1,5
2014/07/05,1,1,5
2014/07/06,1,1,5
2014/07/07,1,1,5
2014/07/08,1,1,5
2014/07/09,1,1,6
2014/07/10,1,1,6
2014/07/11,1,1,5
2014/07/12,1,1,5
2014/07/13,1,1,5
2014/07/14,1,1,4
2014/07/15,1,1,4
2014/07/16,1,1,4
2014/07/17,1,1,5
2014/07/18,1,1,5
2014/07/19,1,1,5
2014/07/20,1,1,5
2014/07/21,1,1,5
2014/07/22,1,1,5
2014/07/23,1,1,5
2014/07/24,1,1,6
2014/07/25,1,1,7
2014/07/26,1,1,6
2014/07/27,1,1,6
2014/07/28,1,1,6
2014/07/29,1,1,6
2014/07/30,1,1,6
2014/07/31,1,1,5
2014/08/01,1,1,5
2014/08/02,,,5
2014/08/03,,,5
2014/08/04,,,5
2014/08/05,,,5
2014/08/06,,,5
2014/08/07,,,5
2014/08/08,,,5
2014/08/09,,,5
2014/08/10,,,5
2014/08/11,,,5
2014/08/12,,,5
2014/08/13,,,5
2014/08/14,,,6
2014/08/15,,,6
2014/08/16,,,5
2014/08/17,,,5
2014/08/18,,,5
2014/08/19,,,5
2014/08/20,,,5
2014/08/21,,,5
2014/08/22,,,5
2014/08/23,,,7
2014/08/24,,,7
2014/08/25,,,7
2014/08/26,,,7
2014/08/27,,,7
2014/08/28,,,7
2014/08/29,,,7
2014/08/30,,,7
2014/08/31,,,7
2014/09/01,,,6
2014/09/02,,,6
2014/09/03,,,6
2014/09/04,,,7
2014/09/05,,,6
2014/09/06,,,6
2014/09/07,,,8
2014/09/08,,,8
2014/09/09,,,8
2014/09/10,,,8
2014/09/11,,,8
2014/09/12,,,8
2014/09/13,,,7
2014/09/14,,,7
2014/09/15,,,7
2014/09/16,,,7
2014/09/17,,1,8
2014/09/18,,1,8
2014/09/19,,1,8
2014/09/20,,1,8
2014/09/21,,1,8
2014/09/22,,1,6
2014/09/23,,1,6
2014/09/24,,1,6
2014/09/25,,1,6
2014/09/26,,1,6
2014/09/27,,1,6
2014/09/28,,1,6
2014/09/29,,1,6
2014/09/30,,1,6
2014/10/01,,1,6
2014/10/02,,1,6
2014/10/03,,1,6
2014/10/04,,1,7
2014/10/05,,1,7
2014/10/06,,1,8
2014/10/07,,1,6
2014/10/08,,1,6
2014/10/09,,1,6
2014/10/10,,1,6
2014/10/11,,1,6
2014/10/12,,1,6
2014/10/13,,1,6
2014/10/14,,1,6
2014/10/15,,1,6
2014/10/16,,1,6
2014/10/17,,,5
2014/10/18,,,5
2014/10/19,,,5
2014/10/20,,,5
2014/10/21,,,5
2014/10/22,,,5
2014/10/23,,,6
2014/10/24,,,6
2014/10/25,,,7
2014/10/26,,,7
2014/10/27,,,7
2014/10/28,,,8
2014/10/29,,,8
2014/10/30,,,8
2014/10/31,,,8
2014/11/01,,,8
2014/11/02,,,8
2014/11/03,,,8
2014/11/04,,,8
2014/11/05,,,6
2014/11/06,,,6
2014/11/07,,1,7
2014/11/08,,1,7
2014/11/09,,1,7
2014/11/10,,1,8
2014/11/11,,1,9
2014/11/12,,1,9
2014/11/13,,1,9
2014/11/14,,1,12
2014/11/15,,1,12
2014/11/16,,1,12
2014/11/17,,1,12
2014/11/18,,1,12
2014/11/19,,1,12
2014/11/20,,1,12
2014/11/21,,1,12
2014/11/22,,1,11
2014/11/23,,1,10
2014/11/24,,1,9
2014/11/25,,1,9
2014/11/26,,1,9
2014/11/27,,1,9
2014/11/28,,1,9
2014/11/29,,1,9
2014/11/30,,1,9
2014/12/01,,1,9
2014/12/02,,1,9
2014/12/03,,1,8
2014/12/04,,1,8
2014/12/05,,1,8
2014/12/06,,1,7
2014/12/07,,1,7
2014/12/08,,1,8
2014/12/09,,1,9
2014/12/10,,1,8
2014/12/11,,1,7
2014/12/12,,1,7
2014/12/13,,1,8
2014/12/14,,1,5
2014/12/15,,1,5
2014/12/16,,1,6
2014/12/17,,1,6
2014/12/18,,1,6
2014/12/19,,1,6
2014/12/20,,1,6
2014/12/21,,1,6
2014/12/22,,1,6
2014/12/23,,1,6
2014/12/24,,1,6
2014/12/25,,1,7
2014/12/26,,1,7
2014/12/27,,1,8
2014/12/28,,1,8
2014/12/29,,1,8
2014/12/30,,1,8
2014/12/31,,3,10
2015/01/01,,3,10
2015/01/02,,3,10
2015/01/03,,3,10
2015/01/04,,3,9
2015/01/05,,3,9
2015/01/06,,2,8
2015/01/07,,2,7
2015/01/08,,2,7
2015/01/09,,2,7
2015/01/10,,2,8
2015/01/11,,2,8
2015/01/12,,2,7
2015/01/13,,2,7
2015/01/14,,2,7
2015/01/15,,2,6
2015/01/16,,2,7
2015/01/17,,3,8
2015/01/18,,3,8
2015/01/19,,3,8
2015/01/20,,3,8
2015/01/21,,3,9
2015/01/22,,3,9
2015/01/23,,3,9
2015/01/24,,3,8
2015/01/25,,3,8
2015/01/26,,3,8
2015/01/27,,3,8
2015/01/28,,3,8
2015/01/29,,3,8
2015/01/30,,1,6
2015/01/31,,1,7
2015/02/01,,1,7
2015/02/02,,1,7
2015/02/03,,1,7
2015/02/04,,1,7
2015/02/05,,1,7
2015/02/06,,1,7
2015/02/07,,1,7
2015/02/08,,1,7
2015/02/09,,1,7
2015/02/10,,1,7
2015/02/11,,1,7
2015/02/12,,1,7
2015/02/13,,1,7
2015/02/14,,1,7
2015/02/15,,1,6
2015/02/16,,1,6
2015/02/17,,1,6
2015/02/18,,1,6
2015/02/19,,1,6
2015/02/20,,1,5
2015/02/21,,1,6
2015/02/22,,1,6
2015/02/23,,1,6
2015/02/24,,1,6
2015/02/25,,1,7
2015/02/26,,1,7
2015/02/27,,1,6
2015/02/28,,1,6
2015/03/01,,1,6
2015/03/02,1,2,7
2015/03/03,1,2,7
2015/03/04,1,2,7
2015/03/05,1,2,9
2015/03/06,1,2,9
2015/03/07,1,2,9
2015/03/08,1,2,10
2015/03/09,1,2,10
2015/03/10,1,3,10
2015/03/11,1,3,9
2015/03/12,1,3,9
2015/03/13,1,3,9
2015/03/14,1,3,10
2015/03/15,1,3,10
2015/03/16,1,3,10
2015/03/17,1,3,10
2015/03/18,1,3,10
2015/03/19,1,3,10
2015/03/20,1,3,11
2015/03/21,1,3,10
2015/03/22,1,3,10
2015/03/23,,3,9
2015/03/24,,3,9
2015/03/25,,3,9
2015/03/26,,3,9
2015/03/27,,3,8
2015/03/28,1,3,8
2015/03/29,1,3,8
2015/03/30,1,3,8
2015/03/31,1,3,8
2015/04/01,1,2,8
2015/04/02,1,2,8
2015/04/03,1,2,8
2015/04/04,1,2,6
2015/04/05,1,2,6
2015/04/06,1,2,6
2015/04/07,1,2,5
2015/04/08,1,1,6
2015/04/09,1,1,5
2015/04/10,1,1,5
2015/04/11,1,1,5
2015/04/12,1,1,6
2015/04/13,1,1,6
2015/04/14,1,1,6
2015/04/15,1,1,6
2015/04/16,1,1,6
2015/04/17,1,1,6
2015/04/18,1,1,6
2015/04/19,1,1,5
2015/04/20,1,1,4
2015/04/21,1,2,7
2015/04/22,1,2,7
2015/04/23,1,2,7
2015/04/24,1,2,8
2015/04/25,1,2,8
2015/04/26,1,2,8
2015/04/27,,2,8
2015/04/28,,2,8
2015/04/29,,2,8
2015/04/30,,2,8
2015/05/01,,2,8
2015/05/02,,2,8
2015/05/03,,2,10
2015/05/04,,2,10
2015/05/05,,2,10
2015/05/06,,2,10
2015/05/07,,2,10
2015/05/08,,2,9
2015/05/09,,2,9
2015/05/10,,2,9
2015/05/11,,2,9
2015/05/12,,2,9
2015/05/13,,2,9
2015/05/14,,2,9
2015/05/15,,2,9
2015/05/16,,2,9
2015/05/17,,2,10
2015/05/18,,1,9
2015/05/19,,1,9
2015/05/20,,1,9
2015/05/21,,1,7
2015/05/22,,1,7
2015/05/23,,1,7
2015/05/24,,1,6
2015/05/25,,1,6
2015/05/26,,1,6
2015/05/27,,1,6
2015/05/28,,1,6
2015/05/29,,1,6
2015/05/30,,1,6
2015/05/31,,1,6
2015/06/01,,1,6
2015/06/02,,,5
2015/06/03,,,5
2015/06/04,,,5
2015/06/05,,,5
2015/06/06,,,5
2015/06/07,,,3
2015/06/08,,,3
2015/06/09,,,3
2015/06/10,,,3
2015/06/11,,,3
2015/06/12,,,3
2015/06/13,,,3
2015/06/14,,,4
2015/06/15,,,4
2015/06/16,,,4
2015/06/17,,,4
2015/06/18,,,7
2015/06/19,,,7
2015/06/20,,1,7
2015/06/21,,1,6
2015/06/22,,1,6
2015/06/23,,1,5
2015/06/24,,1,5
2015/06/25,,1,5
2015/06/26,,1,6
2015/06/27,,1,6
2015/06/28,,1,6
2015/06/29,,1,7
2015/06/30,,1,7
2015/07/01,,1,7
2015/07/02,,1,7
2015/07/03,,1,7
2015/07/04,,1,8
2015/07/05,,1,8
2015/07/06,,1,8
2015/07/07,,1,8
2015/07/08,,1,8
2015/07/09,,1,8
2015/07/10,,1,8
2015/07/11,,1,8
2015/07/12,,,8
2015/07/13,,,9
2015/07/14,,,8
2015/07/15,,1,9
2015/07/16,,1,9
2015/07/17,,1,9
2015/07/18,,1,6
2015/07/19,,1,6
2015/07/20,,1,5
2015/07/21,,1,6
2015/07/22,,1,6
2015/07/23,,1,6
2015/07/24,,1,6
2015/07/25,,1,6
2015/07/26,,1,5
2015/07/27,,1,5
2015/07/28,,1,5
2015/07/29,,1,4
2015/07/30,,1,5
2015/07/31,,1,5
2015/08/01,,1,5
2015/08/02,,1,5
2015/08/03,,1,5
2015/08/04,,1,5
2015/08/05,,1,5
2015/08/06,,1,5
2015/08/07,,2,6
2015/08/08,,2,6
2015/08/09,,2,6
2015/08/10,,2,7
2015/08/11,,2,7
2015/08/12,,2,7
2015/08/13,,2,8
2015/08/14,,1,7
2015/08/15,,1,7
2015/08/16,,1,7
2015/08/17,,1,8
2015/08/18,,1,8
2015/08/19,,1,7
2015/08/20,,1,7
2015/08/21,,1,7
2015/08/22,,1,7
2015/08/23,,1,7
2015/08/24,,1,7
2015/08/25,,1,7
2015/08/26,,1,7
2015/08/27,,1,7
2015/08/28,,1,7
2015/08/29,,1,6
2015/08/30,,1,6
2015/08/31,,1,8
2015/09/01,,1,11
2015/09/02,,1,10
2015/09/03,,1,12
2015/09/04,,1,12
2015/09/05,,1,12
2015/09/06,,,12
2015/09/07,,,12
2015/09/08,,,12
2015/09/09,,,11
2015/09/10,,,11
2015/09/11,,,11
2015/09/12,,,11
2015/09/13,,,12
2015/09/14,,,13
2015/09/15,,,14
2015/09/16,,,14
2015/09/17,,,14
2015/09/18,,,14
2015/09/19,,,13
2015/09/20,,,13
2015/09/21,,,14
2015/09/22,,,14
2015/09/23,,,14
2015/09/24,,,14
2015/09/25,,,14
2015/09/26,,,14
2015/09/27,,,14
2015/09/28,,,14
2015/09/29,,,14
2015/09/30,,,13
2015/10/01,,,10
2015/10/02,,,10
2015/10/03,,,9
2015/10/04,,,9
2015/10/05,,,9
2015/10/06,,,9
2015/10/07,,,9
2015/10/08,,,9
2015/10/09,,,9
2015/10/10,,,9
2015/10/11,,,9
2015/10/12,,,10
2015/10/13,,,9
2015/10/14,,,8
2015/10/15,,,7
2015/10/16,,,7
2015/10/17,,,7
2015/10/18,,,7
2015/10/19,,,6
2015/10/20,,,6
2015/10/21,,,5
2015/10/22,,,5
2015/10/23,,,5
2015/10/24,,,5
2015/10/25,,1,6
2015/10/26,,1,6
2015/10/27,,1,6
2015/10/28,,1,5
2015/10/29,,1,4
2015/10/30,,1,4
2015/10/31,,1,3
2015/11/01,,1,3
2015/11/02,,1,3
2015/11/03,,2,3
2015/11/04,,2,3
2015/11/05,,2,4
2015/11/06,,2,4
2015/11/07,,2,4
2015/11/08,,2,4
2015/11/09,,2,4
2015/11/10,,2,4
2015/11/11,,2,4
2015/11/12,,3,6
2015/11/13,,3,6
2015/11/14,,3,6
2015/11/15,,3,7
2015/11/16,,3,7
2015/11/17,,3,7
2015/11/18,,3,7
2015/11/19,,3,7
2015/11/20,,3,7
2015/11/21,,3,7
2015/11/22,,3,7
2015/11/23,,3,7
2015/11/24,,2,6
2015/11/25,,2,6
2015/11/26,,2,6
2015/11/27,,2,6
2015/11/28,,2,7
2015/11/29,,2,7
2015/11/30,,2,7
2015/12/01,,2,7
2015/12/02,,2,8
2015/12/03,,2,8
2015/12/04,,3,9
2015/12/05,,3,8
2015/12/06,,3,9
2015/12/07,,3,9
2015/12/08,,3,9
2015/12/09,,3,9
2015/12/10,,3,8
2015/12/11,,3,9
2015/12/12,,2,7
2015/12/13,,2,9
2015/12/14,,3,9
2015/12/15,,3,9
2015/12/16,,3,9
2015/12/17,,3,9
2016/01/18,,1,9
2016/01/19,,1,9
2016/01/20,,1,7
2016/01/21,,1,6
2016/01/22,,1,6
2016/01/23,,1,5
2016/01/24,,1,5
2016/01/25,,1,5
2016/01/26,,1,5
2016/01/27,,1,5
2016/01/28,,1,5
2016/01/29,,1,5
2016/01/30,,1,5
2016/01/31,,1,5
2016/02/01,,1,4
2016/02/02,,2,5
2016/02/03,,2,6
2016/02/04,,2,6
2016/02/05,,2,7
2016/02/06,,2,7
2016/02/07,,2,6
2016/02/08,,2,7
2016/02/09,,2,7
2016/02/10,,2,7
2016/02/11,,2,8
2016/02/12,,2,8
2016/02/13,,2,8
2016/02/14,,2,9
2016/02/15,,2,8
2016/02/16,,2,8
2016/02/17,,2,8
2016/02/18,,2,8
2016/02/19,,2,8
2016/02/20,,2,8
2016/02/21,,2,8
2016/02/22,,2,9
2016/02/23,,2,9
2016/02/24,,2,9
2016/02/25,,2,9
2016/02/26,,2,9
2016/02/27,,2,9
2016/02/28,,2,8
2016/02/29,,2,8
2016/03/01,,2,8
2016/03/02,,2,8
2016/03/03,,2,8
2016/03/04,,2,7
2016/03/05,,2,7
2016/03/06,,,7
2016/03/07,,,7
2016/03/08,,,7
2016/03/09,,,6
2016/03/10,,,6
2016/03/11,,,6
2016/03/12,,,5
2016/03/13,,,7
2016/03/14,,,7
2016/03/15,,,6
2016/03/16,,,6
2016/03/17,,,7
2016/03/18,,,8
2016/03/19,,,9
2016/03/20,,,8
2016/03/21,,,8
2016/03/22,,,10
2016/03/23,,,9
2016/03/24,,,9
2016/03/25,,,10
2016/03/26,,1,11
2016/03/27,,1,11
2016/03/28,,1,10
2016/03/29,,1,10
2016/03/30,,1,12
2016/03/31,,1,12
2016/04/01,,1,12
2016/04/02,,1,12
2016/04/03,,1,12
2016/04/04,,1,12
2016/04/05,,1,12
2016/04/06,,1,12
2016/04/07,,1,12
2016/04/08,,1,12
2016/04/09,,1,12
2016/04/10,,1,12
2016/04/11,,1,13
2016/04/12,,1,11
2016/04/13,,1,11
2016/04/14,,1,11
2016/04/15,,1,11
2016/04/16,,1,12
2016/04/17,,1,11
2016/04/18,,1,10
2016/04/19,,1,10
2016/04/20,,1,10
2016/04/21,,1,9
2016/04/22,,1,9
2016/04/23,,1,9
2016/04/24,,1,9
2016/04/25,,1,8
2016/04/26,,1,8
2016/04/27,,1,8
2016/04/28,,1,9
2016/04/29,,2,8
2016/04/30,,3,9
2016/05/01,,3,10
2016/05/02,,3,10
2016/05/03,,3,9
2016/05/04,,2,9
2016/05/05,,2,11
2016/05/06,,2,11
2016/05/07,1,2,11
2016/05/08,1,2,12
2016/05/09,1,2,12
2016/05/10,1,2,12
2016/05/11,1,2,11
2016/05/12,1,2,11
2016/05/13,1,2,12
2016/05/14,1,2,12
2016/05/15,1,2,12
2016/05/16,1,2,10
2016/05/17,1,2,10
2016/05/18,1,3,10
2016/05/19,1,3,10
2016/05/20,1,3,10
2016/05/21,1,3,10
2016/05/22,1,3,10
2016/05/23,1,3,10
2016/05/24,1,3,10
2016/05/25,1,3,10
2016/05/26,1,3,12
2016/05/27,1,3,12
2016/05/28,1,3,12
2016/05/29,1,2,12
2016/05/30,1,1,10
2016/05/31,1,1,9
2016/06/01,1,1,9
2016/06/02,1,1,9
2016/06/03,1,1,10
2016/06/04,1,1,10
2016/06/05,1,1,8
2016/06/06,1,1,8
2016/06/07,1,2,8
2016/06/08,1,2,8
2016/06/09,1,2,8
2016/06/10,1,2,8
2016/06/11,1,2,8
2016/06/12,1,2,7
2016/06/13,1,2,7
2016/06/14,1,2,8
2016/06/15,1,2,9
2016/06/16,1,2,9
2016/06/17,1,2,8
2016/06/18,1,2,8
2016/06/19,1,2,8
2016/06/20,1,2,8
2016/06/21,1,2,8
2016/06/22,1,2,8
2016/06/23,1,2,8
2016/06/24,1,2,8
2016/06/25,1,2,6
2016/06/26,1,2,6
2016/06/27,1,2,7
2016/06/28,1,2,7
2016/06/29,1,2,7
2016/06/30,1,2,7
2016/07/01,1,2,7
2016/07/02,1,2,7
2016/07/03,1,2,6
2016/07/04,1,2,7
2016/07/05,1,2,7
2016/07/06,1,2,7
2016/07/07,1,2,7
2016/07/08,,1,7
2016/07/09,,2,7
2016/07/10,,2,7
2016/07/11,,2,7
2016/07/12,,2,7
2016/07/13,,2,7
2016/07/14,,2,7
2016/07/15,,3,7
2016/07/16,,2,8
2016/07/17,,2,8
2016/07/18,,2,8
2016/07/19,,2,8
2016/07/20,,2,8
2016/07/21,,2,7
2016/07/22,,3,7
2016/07/23,,2,6
2016/07/24,,2,6
2016/07/25,,2,6
2016/07/26,,2,6
2016/07/27,,2,5
2016/07/28,,2,5
2016/07/29,,2,5
2016/07/30,,2,5
2016/07/31,,2,6
2016/08/01,,2,6
2016/08/02,,2,6
2016/08/03,,2,5
2016/08/04,,2,6
2016/08/05,,2,8
2016/08/06,,2,8
2016/08/07,,3,9
2016/08/08,,2,9
2016/08/09,,2,9
2016/08/10,,2,9
2016/08/11,,2,9
2016/08/12,,2,10
2016/08/13,,2,10
2016/08/14,,2,9
2016/08/15,,2,8
2016/08/16,,2,8
2016/08/17,,2,8
2016/08/18,,2,9
2016/08/19,,2,9
2016/08/20,,2,9
2016/08/21,,2,9
2016/08/22,,2,9
2016/08/23,,2,9
2016/08/24,,2,9
2016/08/25,,2,9
2016/08/26,,2,9
2016/08/27,,2,9
2016/08/28,,2,9
2016/08/29,1,2,9
2016/08/30,1,2,8
2016/08/31,1,2,9
2016/09/01,1,2,9
2016/09/02,1,2,9
2016/09/03,1,2,9
2016/09/04,1,2,8
2016/09/05,1,2,8
2016/09/06,1,1,7
2016/09/07,1,1,6
2016/09/08,1,1,6
2016/09/09,1,1,6
2016/09/10,1,1,6
2016/09/11,1,1,5
2016/09/12,1,1,5
2016/09/13,1,1,6
2016/09/14,1,1,6
2016/09/15,1,1,6
2016/09/16,1,1,6
2016/09/17,1,1,5
2016/09/18,1,1,5
2016/09/19,1,1,5
2016/09/20,1,1,5
2016/09/21,1,1,5
2016/09/22,1,1,5
2016/09/23,1,1,5
2016/09/24,1,1,5
2016/09/25,1,1,5
2016/09/26,1,1,5
2016/09/27,1,1,6
2016/09/28,,1,6
2016/09/29,,1,6
2016/09/30,,1,7
2016/10/01,,1,7
2016/10/02,,1,8
2016/10/03,,1,7
2016/10/04,,1,7
2016/10/05,1,2,8
2016/10/06,1,2,8
2016/10/07,1,2,9
2016/10/08,1,2,9
2016/10/09,1,2,9
2016/10/10,1,2,9
2016/10/11,1,2,8
2016/10/12,1,2,8
2016/10/13,1,2,7
2016/10/14,1,2,7
2016/10/15,1,2,7
2016/10/16,1,2,7
2016/10/17,1,2,6
2016/10/18,1,2,6
2016/10/19,1,2,6
2016/10/20,1,2,6
2016/10/21,1,2,6
2016/10/22,1,2,6
2016/10/23,1,2,6
2016/10/24,1,2,6
2016/10/25,1,2,6
2016/10/26,1,2,6
2016/10/27,1,2,5
2016/10/28,1,2,5
2016/10/29,1,2,5
2016/10/30,1,2,4
2016/10/31,1,2,4
