date,wowiki (100+),wowiki (5+),wowiki (all)
2012/08/19,1,15,30
2012/08/20,1,15,30
2012/08/21,1,15,30
2012/08/22,1,15,29
2012/08/23,1,16,30
2012/08/24,1,16,29
2012/08/25,2,16,31
2012/08/26,2,15,30
2012/08/27,2,14,31
2012/08/28,2,15,33
2012/08/29,2,15,34
2012/08/30,1,15,34
2012/08/31,1,15,36
2012/09/01,1,15,36
2012/09/02,1,15,36
2012/09/03,1,15,36
2012/09/04,1,14,36
2012/09/05,1,14,36
2012/09/06,1,14,36
2012/09/07,1,15,37
2012/09/08,1,13,38
2012/09/09,1,12,39
2012/09/10,1,12,39
2012/09/11,1,12,39
2012/09/12,1,12,41
2012/09/13,2,12,41
2012/09/14,2,12,41
2012/09/15,2,12,39
2012/09/16,2,12,39
2012/09/17,2,11,39
2012/09/18,2,11,37
2012/09/19,2,11,37
2012/09/20,2,11,37
2012/09/21,2,10,36
2012/09/22,2,10,35
2012/09/23,2,10,35
2012/09/24,2,9,34
2012/09/25,2,10,34
2012/09/26,2,11,34
2012/09/27,2,12,34
2012/09/28,2,12,32
2012/09/29,2,11,31
2012/09/30,2,11,29
2012/10/01,2,11,28
2012/10/02,2,11,29
2012/10/03,2,11,28
2012/10/04,2,11,29
2012/10/05,3,12,27
2012/10/06,2,12,28
2012/10/07,3,12,28
2012/10/08,3,12,27
2012/10/09,3,13,23
2012/10/10,3,15,23
2012/10/11,3,15,23
2012/10/12,3,15,22
2012/10/13,3,15,22
2012/10/14,3,14,23
2012/10/15,3,14,24
2012/10/16,3,15,24
2012/10/17,3,15,24
2012/10/18,3,15,24
2012/10/19,3,15,26
2012/10/20,3,16,27
2012/10/21,3,17,27
2012/10/22,3,18,27
2012/10/23,3,18,28
2012/10/24,3,17,30
2012/10/25,2,16,30
2012/10/26,2,17,32
2012/10/27,2,17,32
2012/10/28,2,18,32
2012/10/29,2,18,32
2012/10/30,2,18,33
2012/10/31,1,17,33
2012/11/01,1,17,32
2012/11/02,1,17,33
2012/11/03,1,17,35
2012/11/04,1,16,35
2012/11/05,1,16,35
2012/11/06,1,17,35
2012/11/07,1,17,35
2012/11/08,1,17,35
2012/11/09,1,17,35
2012/11/10,1,17,36
2012/11/11,2,19,34
2012/11/12,2,20,34
2012/11/13,2,20,34
2012/11/14,2,20,33
2012/11/15,2,19,33
2012/11/16,2,19,34
2012/11/17,2,19,34
2012/11/18,2,18,34
2012/11/19,2,18,32
2012/11/20,2,18,30
2012/11/21,2,18,31
2012/11/22,2,18,30
2012/11/23,2,17,29
2012/11/24,2,18,29
2012/11/25,1,18,29
2012/11/26,1,18,30
2012/11/27,1,18,30
2012/11/28,1,18,31
2012/11/29,1,18,30
2012/11/30,1,18,32
2012/12/01,1,18,34
2012/12/02,1,18,33
2012/12/03,1,18,31
2012/12/04,1,18,31
2012/12/05,1,18,31
2012/12/06,1,18,31
2012/12/07,1,17,31
2012/12/08,1,16,31
2012/12/09,1,16,32
2012/12/10,1,16,33
2012/12/11,1,16,33
2012/12/12,1,16,33
2012/12/13,1,16,34
2012/12/14,1,16,34
2012/12/15,1,15,34
2012/12/16,2,17,35
2012/12/17,2,17,35
2012/12/18,3,17,34
2012/12/19,1,17,34
2012/12/20,1,17,34
2012/12/21,1,17,33
2012/12/22,1,17,33
2012/12/23,1,17,33
2012/12/24,1,17,33
2012/12/25,2,16,32
2012/12/26,2,16,31
2012/12/27,3,16,31
2012/12/28,2,16,33
2012/12/29,2,16,33
2012/12/30,2,16,31
2012/12/31,4,17,31
2013/01/01,2,16,31
2013/01/02,3,16,31
2013/01/03,3,16,33
2013/01/04,2,16,33
2013/01/05,1,16,34
2013/01/06,1,15,34
2013/01/07,1,14,34
2013/01/08,1,14,33
2013/01/09,1,14,31
2013/01/10,1,13,31
2013/01/11,1,13,31
2013/01/12,1,13,31
2013/01/13,1,13,32
2013/01/14,1,13,33
2013/01/15,1,14,32
2013/01/16,1,14,32
2013/01/17,1,14,33
2013/01/18,1,14,34
2013/01/19,1,15,34
2013/01/20,2,15,34
2013/01/21,2,15,33
2013/01/22,2,15,33
2013/01/23,2,15,33
2013/01/24,2,15,33
2013/01/25,2,15,33
2013/01/26,2,16,33
2013/01/27,2,14,32
2013/01/28,2,12,32
2013/01/29,2,12,31
2013/01/30,2,12,30
2013/01/31,2,14,30
2013/02/01,2,14,30
2013/02/02,2,12,29
2013/02/03,2,12,30
2013/02/04,2,12,29
2013/02/05,2,12,30
2013/02/06,2,12,32
2013/02/07,2,12,31
2013/02/08,2,11,31
2013/02/09,1,12,32
2013/02/10,2,14,32
2013/02/11,2,15,32
2013/02/12,2,15,33
2013/02/13,2,15,33
2013/02/14,2,14,32
2013/02/15,2,14,32
2013/02/16,2,13,34
2013/02/17,2,13,33
2013/02/18,2,12,34
2013/02/19,2,12,34
2013/02/20,2,12,33
2013/02/21,2,12,33
2013/02/22,2,12,33
2013/02/23,2,12,33
2013/02/24,2,12,34
2013/02/25,2,12,34
2013/02/26,2,12,33
2013/02/27,2,12,32
2013/02/28,2,13,34
2013/03/01,2,12,32
2013/03/02,2,13,30
2013/03/03,2,13,30
2013/03/04,2,14,32
2013/03/05,2,15,33
2013/03/06,2,15,33
2013/03/07,2,14,32
2013/03/08,3,14,31
2013/03/09,3,14,31
2013/03/10,3,14,31
2013/03/11,3,13,30
2013/03/12,2,13,31
2013/03/13,2,13,31
2013/03/14,2,13,29
2013/03/15,2,13,29
2013/03/16,2,13,27
2013/03/17,2,13,27
2013/03/18,2,13,25
2013/03/19,2,13,25
2013/03/20,1,13,24
2013/03/21,1,13,24
2013/03/22,1,13,25
2013/03/23,1,13,26
2013/03/24,1,13,26
2013/03/25,1,13,26
2013/03/26,1,11,25
2013/03/27,1,11,24
2013/03/28,1,10,23
2013/03/29,1,10,23
2013/03/30,1,10,23
2013/03/31,1,8,23
2013/04/01,1,8,23
2013/04/02,1,8,23
2013/04/03,2,7,21
2013/04/04,2,6,17
2013/04/05,2,5,16
2013/04/06,2,4,12
2013/04/07,2,4,10
2013/04/08,1,4,12
2013/04/09,1,4,12
2013/04/10,1,4,13
2013/04/11,,4,13
2013/04/12,,4,13
2013/04/13,,4,13
2013/04/14,,4,14
2013/04/15,,4,14
2013/04/16,,3,14
2013/04/17,,3,14
2013/04/18,,3,15
2013/04/19,,3,16
2013/04/20,,3,16
2013/04/21,,3,15
2013/04/22,,3,14
2013/04/23,,3,14
2013/04/24,,3,14
2013/04/25,,3,14
2013/04/26,,3,14
2013/04/27,,3,14
2013/04/28,,3,14
2013/04/29,,3,13
2013/04/30,,4,14
2013/05/01,,4,13
2013/05/02,,4,13
2013/05/03,,3,11
2013/05/04,,3,11
2013/05/05,,3,11
2013/05/06,,3,10
2013/05/07,,3,10
2013/05/08,,3,9
2013/05/09,,3,9
2013/05/10,,3,8
2013/05/11,,3,9
2013/05/12,,3,9
2013/05/13,,3,9
2013/05/14,,2,9
2013/05/15,,2,8
2013/05/16,,1,8
2013/05/17,,1,7
2013/05/18,,1,5
2013/05/19,,1,5
2013/05/20,,1,5
2013/05/21,,1,5
2013/05/22,,1,7
2013/05/23,,1,7
2013/05/24,,1,7
2013/05/25,,1,7
2013/05/26,,1,7
2013/05/27,,1,7
2013/05/28,,1,7
2013/05/29,,1,7
2013/05/30,,,7
2013/05/31,,,7
2013/06/01,,,7
2013/06/02,,,6
2013/06/03,,,6
2013/06/04,,,6
2013/06/05,,,6
2013/06/06,,,8
2013/06/07,,,8
2013/06/08,,,8
2013/06/09,,,9
2013/06/10,,,9
2013/06/11,,,9
2013/06/12,,,10
2013/06/13,,,10
2013/06/14,,,10
2013/06/15,,,10
2013/06/16,,,11
2013/06/17,,,11
2013/06/18,,,10
2013/06/19,,,11
2013/06/20,,,11
2013/06/21,,1,10
2013/06/22,,1,9
2013/06/23,,1,10
2013/06/24,,1,10
2013/06/25,,1,10
2013/06/26,,1,11
2013/06/27,,1,11
2013/06/28,,1,12
2013/06/29,,1,12
2013/06/30,,1,12
2013/07/01,,1,12
2013/07/02,,1,13
2013/07/03,,1,13
2013/07/04,,1,13
2013/07/05,,1,13
2013/07/06,,1,11
2013/07/07,,1,11
2013/07/08,,1,10
2013/07/09,,1,11
2013/07/10,,1,10
2013/07/11,,1,10
2013/07/12,,1,9
2013/07/13,,1,9
2013/07/14,,1,9
2013/07/15,,1,9
2013/07/16,,1,9
2013/07/17,,1,9
2013/07/18,,1,9
2013/07/19,,1,9
2013/07/20,,1,9
2013/07/21,,1,9
2013/07/22,,1,9
2013/07/23,,1,8
2013/07/24,,1,9
2013/07/25,,1,9
2013/07/26,,1,8
2013/07/27,,1,8
2013/07/28,,1,8
2013/07/29,,1,8
2013/07/30,,1,8
2013/07/31,,1,8
2013/08/01,,1,7
2013/08/02,,1,7
2013/08/03,,1,7
2013/08/04,,1,7
2013/08/05,,1,7
2013/08/06,,1,7
2013/08/07,,1,7
2013/08/08,,1,6
2013/08/09,,1,6
2013/08/10,,1,7
2013/08/11,,1,7
2013/08/12,,1,8
2013/08/13,,1,9
2013/08/14,,1,9
2013/08/15,,1,8
2013/08/16,,1,7
2013/08/17,,1,7
2013/08/18,,1,6
2013/08/19,,1,6
2013/08/20,,2,6
2013/08/21,,2,6
2013/08/22,,2,6
2013/08/23,,3,7
2013/08/24,,3,7
2013/08/25,,3,7
2013/08/26,,3,7
2013/08/27,,4,9
2013/08/28,,4,10
2013/08/29,,4,11
2013/08/30,,4,10
2013/08/31,,4,10
2013/09/01,,4,10
2013/09/02,,4,10
2013/09/03,,4,10
2013/09/04,,4,10
2013/09/05,,4,10
2013/09/06,,4,10
2013/09/07,,4,9
2013/09/08,,4,9
2013/09/09,,3,9
2013/09/10,,3,9
2013/09/11,,3,8
2013/09/12,,3,8
2013/09/13,,3,8
2013/09/14,,3,8
2013/09/15,,3,8
2013/09/16,,3,8
2013/09/17,,3,8
2013/09/18,,3,8
2013/09/19,,2,6
2013/09/20,,2,7
2013/09/21,,2,7
2013/09/22,,1,6
2013/09/23,,1,6
2013/09/24,,1,6
2013/09/25,,1,6
2013/09/26,,,4
2013/09/27,,,3
2013/09/28,,,3
2013/09/29,,,3
2013/09/30,,,3
2013/10/01,,,4
2013/10/02,,,4
2013/10/03,,,4
2013/10/04,,,4
2013/10/05,,,4
2013/10/06,,,4
2013/10/07,,,5
2013/10/08,,,5
2013/10/09,,,4
2013/10/10,,,4
2013/10/11,,,4
2013/10/12,,,4
2013/10/13,,,5
2013/10/14,,,5
2013/10/15,,1,7
2013/10/16,,1,7
2013/10/17,,1,7
2013/10/18,,1,7
2013/10/19,,1,7
2013/10/20,,1,6
2013/10/21,,1,7
2013/10/22,,1,7
2013/10/23,,1,6
2013/10/24,,1,6
2013/10/25,,1,6
2013/10/26,,1,7
2013/10/27,,1,8
2013/10/28,,1,8
2013/10/29,,1,8
2013/10/30,,1,8
2013/10/31,,1,8
2013/11/01,,1,8
2013/11/02,,1,8
2013/11/03,,1,8
2013/11/04,,1,9
2013/11/05,,1,9
2013/11/06,,1,8
2013/11/07,,1,8
2013/11/08,,1,8
2013/11/09,,1,8
2013/11/10,,1,9
2013/11/11,,1,9
2013/11/12,,1,8
2013/11/13,,1,8
2013/11/14,,,6
2013/11/15,,,6
2013/11/16,,,6
2013/11/17,,,6
2013/11/18,,1,6
2013/11/19,,1,6
2013/11/20,,1,6
2013/11/21,,1,6
2013/11/22,,1,6
2013/11/23,,1,6
2013/11/24,,1,6
2013/11/25,,1,5
2013/11/26,,1,4
2013/11/27,,1,4
2013/11/28,,1,5
2013/11/29,,1,5
2013/11/30,,1,6
2013/12/01,,1,6
2013/12/02,,1,6
2013/12/03,,1,6
2013/12/04,,1,7
2013/12/05,,1,7
2013/12/06,,1,8
2013/12/07,,1,8
2013/12/08,,1,9
2013/12/09,,1,10
2013/12/10,,1,11
2013/12/11,,1,11
2013/12/12,,1,11
2013/12/13,,1,11
2013/12/14,,1,11
2013/12/15,,1,11
2013/12/16,,1,11
2013/12/17,,2,11
2013/12/18,,2,11
2013/12/19,,2,12
2013/12/20,,2,11
2013/12/21,,2,11
2013/12/22,,2,11
2013/12/23,,2,11
2013/12/24,,2,11
2013/12/25,,2,11
2013/12/26,,2,11
2013/12/27,,2,11
2013/12/28,,2,10
2013/12/29,,2,10
2013/12/30,,2,9
2013/12/31,,1,9
2014/01/01,,1,9
2014/01/02,,1,9
2014/01/03,,1,8
2014/01/04,,1,8
2014/01/05,,1,7
2014/01/06,,1,7
2014/01/07,,1,7
2014/01/08,,1,7
2014/01/09,,1,6
2014/01/10,,1,5
2014/01/11,,1,5
2014/01/12,,1,5
2014/01/13,,1,5
2014/01/14,,1,5
2014/01/15,,1,6
2014/01/16,,,5
2014/01/17,,,5
2014/01/18,,1,5
2014/01/19,,1,6
2014/01/20,,1,6
2014/01/21,,1,6
2014/01/22,,1,6
2014/01/23,,1,6
2014/01/24,,1,6
2014/01/25,,1,6
2014/01/26,,1,6
2014/01/27,,1,7
2014/01/28,,1,7
2014/01/29,,1,7
2014/01/30,,1,7
2014/01/31,,1,7
2014/02/01,,1,7
2014/02/02,,1,7
2014/02/03,,1,7
2014/02/04,,1,7
2014/02/05,,1,7
2014/02/06,,1,6
2014/02/07,,1,5
2014/02/08,,1,5
2014/02/09,,1,6
2014/02/10,,1,6
2014/02/11,,1,6
2014/02/12,,1,6
2014/02/13,,1,6
2014/02/14,,1,5
2014/02/15,,1,5
2014/02/16,,1,5
2014/02/17,,,5
2014/02/18,,,5
2014/02/19,,,5
2014/02/20,,,5
2014/02/21,,,5
2014/02/22,,,5
2014/02/23,,,5
2014/02/24,,,5
2014/02/25,,,5
2014/02/26,,,4
2014/02/27,,,4
2014/02/28,,,4
2014/03/01,,,4
2014/03/02,,,4
2014/03/03,,,3
2014/03/04,,,3
2014/03/05,,,3
2014/03/06,,,3
2014/03/07,,,3
2014/03/08,,,3
2014/03/09,,,3
2014/03/10,,,3
2014/03/11,,,3
2014/03/12,,,3
2014/03/13,,,3
2014/03/14,,,3
2014/03/15,,,4
2014/03/16,,,4
2014/03/17,,,4
2014/03/18,,,4
2014/03/19,,,3
2014/03/20,,,3
2014/03/21,,,2
2014/03/22,,,2
2014/03/23,,,2
2014/03/24,,,2
2014/03/25,,,2
2014/03/26,,,3
2014/03/27,,,3
2014/03/28,,,3
2014/03/29,,,3
2014/03/30,,,3
2014/03/31,,,3
2014/04/01,,,4
2014/04/02,,,4
2014/04/03,,,6
2014/04/04,,,6
2014/04/05,,,6
2014/04/06,,,7
2014/04/07,,,8
2014/04/08,,,9
2014/04/09,,,9
2014/04/10,,,8
2014/04/11,,,8
2014/04/12,,,8
2014/04/13,,,8
2014/04/14,,1,8
2014/04/15,,1,9
2014/04/16,,1,10
2014/04/17,,1,10
2014/04/18,,1,10
2014/04/19,,2,11
2014/04/20,,2,12
2014/04/21,,2,12
2014/04/22,,2,12
2014/04/23,,2,12
2014/04/24,,2,13
2014/04/25,,2,12
2014/04/26,,2,12
2014/04/27,,2,12
2014/04/28,,2,12
2014/04/29,,2,12
2014/04/30,,2,12
2014/05/01,,2,11
2014/05/02,,2,11
2014/05/03,,2,9
2014/05/04,,2,9
2014/05/05,,2,9
2014/05/06,,2,8
2014/05/07,,3,7
2014/05/08,,3,7
2014/05/09,,3,7
2014/05/10,,3,7
2014/05/11,,3,7
2014/05/12,,4,8
2014/05/13,,4,8
2014/05/14,,3,7
2014/05/15,,3,6
2014/05/16,,3,6
2014/05/17,,3,6
2014/05/18,,3,7
2014/05/19,,2,6
2014/05/20,,2,5
2014/05/21,,2,6
2014/05/22,,2,6
2014/05/23,,2,7
2014/05/24,,3,7
2014/05/25,,3,7
2014/05/26,,3,7
2014/05/27,,3,7
2014/05/28,,3,7
2014/05/29,,3,7
2014/05/30,,3,7
2014/05/31,,3,7
2014/06/01,,3,8
2014/06/02,,3,8
2014/06/03,,3,8
2014/06/04,,3,8
2014/06/05,,3,8
2014/06/06,,2,8
2014/06/07,,2,7
2014/06/08,,2,7
2014/06/09,,2,7
2014/06/10,,2,7
2014/06/11,,1,6
2014/06/12,,1,6
2014/06/13,,1,6
2014/06/14,,1,6
2014/06/15,,1,6
2014/06/16,,1,6
2014/06/17,,1,5
2014/06/18,,1,5
2014/06/19,,1,6
2014/06/20,,1,5
2014/06/21,,1,5
2014/06/22,,1,4
2014/06/23,,,3
2014/06/24,,,3
2014/06/25,,,3
2014/06/26,,,3
2014/06/27,,,3
2014/06/28,,,4
2014/06/29,,,5
2014/06/30,,,5
2014/07/01,,,4
2014/07/02,,,4
2014/07/03,,,4
2014/07/04,,1,4
2014/07/05,,1,4
2014/07/06,,1,5
2014/07/07,,1,5
2014/07/08,,1,5
2014/07/09,,1,6
2014/07/10,,1,6
2014/07/11,,1,6
2014/07/12,,1,6
2014/07/13,,1,6
2014/07/14,,1,6
2014/07/15,,1,6
2014/07/16,,1,5
2014/07/17,,1,6
2014/07/18,,1,6
2014/07/19,,1,6
2014/07/20,,1,7
2014/07/21,,1,7
2014/07/22,,1,8
2014/07/23,,1,8
2014/07/24,,1,8
2014/07/25,,1,9
2014/07/26,,1,9
2014/07/27,,1,9
2014/07/28,,1,8
2014/07/29,,1,9
2014/07/30,,1,9
2014/07/31,,1,9
2014/08/01,,1,9
2014/08/02,,1,9
2014/08/03,,,8
2014/08/04,,,8
2014/08/05,,,7
2014/08/06,,,7
2014/08/07,,,8
2014/08/08,,,8
2014/08/09,,,8
2014/08/10,,,8
2014/08/11,,,9
2014/08/12,,,9
2014/08/13,,,9
2014/08/14,,,9
2014/08/15,,1,9
2014/08/16,,1,8
2014/08/17,,1,10
2014/08/18,,1,9
2014/08/19,,1,8
2014/08/20,,1,8
2014/08/21,,1,8
2014/08/22,,1,7
2014/08/23,,1,7
2014/08/24,,1,7
2014/08/25,,1,7
2014/08/26,,1,7
2014/08/27,,1,7
2014/08/28,,1,6
2014/08/29,,1,6
2014/08/30,,1,6
2014/08/31,,1,6
2014/09/01,,1,6
2014/09/02,,1,6
2014/09/03,,1,6
2014/09/04,,1,6
2014/09/05,,1,6
2014/09/06,,,6
2014/09/07,,1,6
2014/09/08,,1,6
2014/09/09,,1,6
2014/09/10,,1,6
2014/09/11,,1,6
2014/09/12,,1,6
2014/09/13,,1,6
2014/09/14,,1,5
2014/09/15,,1,5
2014/09/16,,1,4
2014/09/17,,1,4
2014/09/18,,1,4
2014/09/19,,1,5
2014/09/20,,1,5
2014/09/21,,1,5
2014/09/22,,1,5
2014/09/23,,2,3
2014/09/24,,2,3
2014/09/25,,2,3
2014/09/26,,2,3
2014/09/27,,2,3
2014/09/28,,2,3
2014/09/29,,2,3
2014/09/30,,2,3
2014/10/01,,1,4
2014/10/02,,1,4
2014/10/03,,1,4
2014/10/04,,1,4
2014/10/05,,1,4
2014/10/06,,1,4
2014/10/07,,1,3
2014/10/08,,1,3
2014/10/09,,1,3
2014/10/10,,1,2
2014/10/11,,1,2
2014/10/12,,1,2
2014/10/13,,1,2
2014/10/14,,1,2
2014/10/15,,1,2
2014/10/16,,1,2
2014/10/17,,1,2
2014/10/18,,1,2
2014/10/19,,1,2
2014/10/20,,1,2
2014/10/21,,1,3
2014/10/22,,1,3
2014/10/23,,1,3
2014/10/24,,1,3
2014/10/25,,1,3
2014/10/26,,1,3
2014/10/27,,1,3
2014/10/28,,1,3
2014/10/29,,1,3
2014/10/30,,1,3
2014/10/31,,2,3
2014/11/01,,2,3
2014/11/02,,2,3
2014/11/03,,2,4
2014/11/04,,2,4
2014/11/05,,2,4
2014/11/06,,2,4
2014/11/07,,2,5
2014/11/08,,2,5
2014/11/09,,3,5
2014/11/10,,3,6
2014/11/11,,3,6
2014/11/12,,3,6
2014/11/13,,2,6
2014/11/14,,2,6
2014/11/15,,2,6
2014/11/16,,2,5
2014/11/17,,2,5
2014/11/18,,2,6
2014/11/19,,2,6
2014/11/20,,2,5
2014/11/21,,2,5
2014/11/22,,4,5
2014/11/23,,4,5
2014/11/24,,4,5
2014/11/25,,4,6
2014/11/26,,4,6
2014/11/27,,4,6
2014/11/28,,4,6
2014/11/29,,4,6
2014/11/30,,3,5
2014/12/01,,3,5
2014/12/02,,3,5
2014/12/03,,3,5
2014/12/04,,3,5
2014/12/05,,3,5
2014/12/06,,3,5
2014/12/07,,3,5
2014/12/08,,3,6
2014/12/09,,3,7
2014/12/10,,2,5
2014/12/11,,2,5
2014/12/12,,2,5
2014/12/13,,2,5
2014/12/14,,2,5
2014/12/15,,2,5
2014/12/16,,2,5
2014/12/17,,2,5
2014/12/18,,2,5
2014/12/19,,2,7
2014/12/20,,2,7
2014/12/21,,2,7
2014/12/22,,,6
2014/12/23,,,6
2014/12/24,,,6
2014/12/25,,,5
2014/12/26,,,5
2014/12/27,,,5
2014/12/28,,,5
2014/12/29,,,5
2014/12/30,,,5
2014/12/31,,,5
2015/01/01,,,6
2015/01/02,,,6
2015/01/03,,,6
2015/01/04,,,6
2015/01/05,,,6
2015/01/06,,,8
2015/01/07,,,7
2015/01/08,,,8
2015/01/09,,,8
2015/01/10,,,8
2015/01/11,,,8
2015/01/12,,,7
2015/01/13,,,7
2015/01/14,,,7
2015/01/15,,,7
2015/01/16,,,7
2015/01/17,,,7
2015/01/18,,,5
2015/01/19,,,5
2015/01/20,,,6
2015/01/21,,,6
2015/01/22,,,6
2015/01/23,,,6
2015/01/24,,,6
2015/01/25,,,6
2015/01/26,,,5
2015/01/27,,,5
2015/01/28,,,5
2015/01/29,,,5
2015/01/30,,,6
2015/01/31,,,6
2015/02/01,,,6
2015/02/02,,,6
2015/02/03,,,6
2015/02/04,,,6
2015/02/05,,,4
2015/02/06,,,4
2015/02/07,,,3
2015/02/08,,,3
2015/02/09,,,3
2015/02/10,,,3
2015/02/11,,,3
2015/02/12,,,3
2015/02/13,,,3
2015/02/14,,,3
2015/02/15,,,3
2015/02/16,,,3
2015/02/17,,,3
2015/02/18,,,3
2015/02/19,,,3
2015/02/20,,,3
2015/02/21,,,4
2015/02/22,,,4
2015/02/23,,,4
2015/02/24,,,4
2015/02/25,,,4
2015/02/26,,,4
2015/02/27,,,4
2015/02/28,,,4
2015/03/01,,,4
2015/03/02,,,4
2015/03/03,,,4
2015/03/04,,,4
2015/03/05,,,4
2015/03/06,,,4
2015/03/07,,,4
2015/03/08,,,4
2015/03/09,,,4
2015/03/10,,,4
2015/03/11,,,4
2015/03/12,,,4
2015/03/13,,,4
2015/03/14,,,4
2015/03/15,,,4
2015/03/16,,,4
2015/03/17,,,7
2015/03/18,,,7
2015/03/19,,,7
2015/03/20,,,7
2015/03/21,,,7
2015/03/22,,1,8
2015/03/23,,1,7
2015/03/24,,1,7
2015/03/25,,1,7
2015/03/26,,1,7
2015/03/27,,1,7
2015/03/28,,1,7
2015/03/29,,1,7
2015/03/30,,1,7
2015/03/31,,2,8
2015/04/01,,2,7
2015/04/02,,2,7
2015/04/03,,2,7
2015/04/04,,2,7
2015/04/05,,2,7
2015/04/06,,2,7
2015/04/07,,2,7
2015/04/08,,2,7
2015/04/09,,2,7
2015/04/10,,2,7
2015/04/11,,2,7
2015/04/12,,2,7
2015/04/13,,2,7
2015/04/14,,2,7
2015/04/15,,2,6
2015/04/16,,2,3
2015/04/17,,2,3
2015/04/18,,2,4
2015/04/19,,2,4
2015/04/20,,2,4
2015/04/21,,1,3
2015/04/22,,1,3
2015/04/23,,1,3
2015/04/24,,1,3
2015/04/25,,2,4
2015/04/26,,2,4
2015/04/27,,2,4
2015/04/28,,2,4
2015/04/29,,3,5
2015/04/30,,2,3
2015/05/01,,2,3
2015/05/02,,2,3
2015/05/03,,2,3
2015/05/04,,2,3
2015/05/05,,2,3
2015/05/06,,2,3
2015/05/07,,2,3
2015/05/08,,2,3
2015/05/09,,2,4
2015/05/10,,2,5
2015/05/11,,2,6
2015/05/12,,2,6
2015/05/13,,2,6
2015/05/14,,2,6
2015/05/15,,2,6
2015/05/16,,2,7
2015/05/17,,2,7
2015/05/18,,2,6
2015/05/19,,2,6
2015/05/20,,2,6
2015/05/21,,2,6
2015/05/22,,2,6
2015/05/23,,2,6
2015/05/24,,2,6
2015/05/25,,1,5
2015/05/26,,1,5
2015/05/27,,1,5
2015/05/28,,1,5
2015/05/29,,,4
2015/05/30,,,4
2015/05/31,,,4
2015/06/01,,,4
2015/06/02,,,4
2015/06/03,,,4
2015/06/04,,,4
2015/06/05,,,4
2015/06/06,,,4
2015/06/07,,,4
2015/06/08,,,3
2015/06/09,,,2
2015/06/10,,,1
2015/06/11,,,1
2015/06/12,,,1
2015/06/13,,,1
2015/06/14,,,1
2015/06/18,,1,1
2015/06/19,,2,2
2015/06/20,,2,2
2015/06/21,,2,2
2015/06/22,,2,2
2015/06/23,,2,2
2015/06/24,,2,2
2015/06/25,,2,2
2015/06/26,,2,2
2015/06/27,,2,2
2015/06/28,,2,2
2015/06/29,,2,2
2015/06/30,,2,2
2015/07/01,,2,2
2015/07/02,,2,2
2015/07/03,,2,2
2015/07/04,,2,2
2015/07/05,,2,2
2015/07/06,,2,2
2015/07/07,,2,2
2015/07/08,,2,2
2015/07/09,,2,2
2015/07/10,,2,2
2015/07/11,,2,2
2015/07/12,,2,3
2015/07/13,,3,4
2015/07/14,,3,4
2015/07/15,,3,4
2015/07/16,,3,4
2015/07/17,,3,5
2015/07/18,,2,4
2015/07/19,,1,3
2015/07/20,,1,3
2015/07/21,,1,3
2015/07/22,,1,4
2015/07/23,,1,4
2015/07/24,,1,5
2015/07/25,,1,5
2015/07/26,,1,5
2015/07/27,,1,5
2015/07/28,,1,5
2015/07/29,,1,5
2015/07/30,,1,5
2015/07/31,,1,5
2015/08/01,,1,5
2015/08/02,,1,5
2015/08/03,,1,5
2015/08/04,,1,5
2015/08/05,,2,6
2015/08/06,,2,6
2015/08/07,,2,6
2015/08/08,,2,6
2015/08/09,,2,6
2015/08/10,,2,6
2015/08/11,,2,6
2015/08/12,,2,6
2015/08/13,,2,6
2015/08/14,,2,6
2015/08/15,,2,6
2015/08/16,,2,5
2015/08/17,,2,6
2015/08/18,,2,7
2015/08/19,,2,8
2015/08/20,,2,8
2015/08/21,,2,7
2015/08/22,,2,7
2015/08/23,,1,6
2015/08/24,,1,6
2015/08/25,,1,6
2015/08/26,,1,7
2015/08/27,,1,7
2015/08/28,,1,7
2015/08/29,,1,9
2015/08/30,,2,10
2015/08/31,,2,10
2015/09/01,,2,10
2015/09/02,,2,11
2015/09/03,,3,13
2015/09/04,,2,13
2015/09/05,,2,13
2015/09/06,,2,14
2015/09/07,,2,14
2015/09/08,,2,14
2015/09/09,,2,14
2015/09/10,,2,14
2015/09/11,,2,13
2015/09/12,,2,13
2015/09/13,,2,13
2015/09/14,,2,14
2015/09/15,,2,14
2015/09/16,,2,13
2015/09/17,,2,12
2015/09/18,,2,11
2015/09/19,,2,11
2015/09/20,,3,11
2015/09/21,,3,11
2015/09/22,,3,12
2015/09/23,,3,12
2015/09/24,,3,12
2015/09/25,,3,12
2015/09/26,,3,12
2015/09/27,,3,12
2015/09/28,,2,11
2015/09/29,,3,10
2015/09/30,,4,13
2015/10/01,,4,13
2015/10/02,,4,12
2015/10/03,,3,11
2015/10/04,,3,12
2015/10/05,,2,12
2015/10/06,,2,11
2015/10/07,,2,11
2015/10/08,,2,11
2015/10/09,,2,11
2015/10/10,,2,12
2015/10/11,,2,12
2015/10/12,,2,12
2015/10/13,,2,13
2015/10/14,,2,13
2015/10/15,,2,14
2015/10/16,,2,14
2015/10/17,,2,14
2015/10/18,,2,14
2015/10/19,,2,14
2015/10/20,,2,13
2015/10/21,,2,13
2015/10/22,,2,12
2015/10/23,,2,12
2015/10/24,,2,14
2015/10/25,,2,14
2015/10/26,,2,14
2015/10/27,,2,15
2015/10/28,,2,15
2015/10/29,,2,15
2015/10/30,,1,16
2015/10/31,,1,15
2015/11/01,,1,16
2015/11/02,,1,16
2015/11/03,,1,15
2015/11/04,,1,15
2015/11/05,,1,15
2015/11/06,,1,15
2015/11/07,,1,15
2015/11/08,,1,15
2015/11/09,,1,14
2015/11/10,,1,14
2015/11/11,,,14
2015/11/12,,,14
2015/11/13,,,13
2015/11/14,,,12
2015/11/15,,,10
2015/11/16,,,9
2015/11/17,,,8
2015/11/18,,,7
2015/11/19,,,7
2015/11/20,,,7
2015/11/21,,,8
2015/11/22,,,8
2015/11/23,,,7
2015/11/24,,,7
2015/11/25,,,7
2015/11/26,,,7
2015/11/27,,,7
2015/11/28,,,8
2015/11/29,,,6
2015/11/30,,,6
2015/12/01,,,5
2015/12/02,,,4
2015/12/03,,,3
2015/12/04,,,3
2015/12/05,,,3
2015/12/06,,,4
2015/12/07,,,4
2015/12/08,,,4
2015/12/09,,,4
2015/12/10,,,5
2015/12/11,,,5
2015/12/12,,,4
2015/12/13,,,4
2015/12/14,,,4
2015/12/15,,,4
2015/12/16,,,4
2015/12/17,,,4
2016/01/18,,2,7
2016/01/19,,2,7
2016/01/20,,2,7
2016/01/21,,2,7
2016/01/22,,2,8
2016/01/23,,2,7
2016/01/24,,2,7
2016/01/25,,2,7
2016/01/26,,2,7
2016/01/27,,2,7
2016/01/28,,2,7
2016/01/29,,2,6
2016/01/30,,1,5
2016/01/31,,1,5
2016/02/01,,1,5
2016/02/02,,1,4
2016/02/03,,1,6
2016/02/04,,1,8
2016/02/05,,2,9
2016/02/06,,2,9
2016/02/07,,2,9
2016/02/08,,2,9
2016/02/09,,1,9
2016/02/10,,2,9
2016/02/11,,2,9
2016/02/12,,2,9
2016/02/13,,2,9
2016/02/14,,2,9
2016/02/15,,2,10
2016/02/16,,2,10
2016/02/17,,2,10
2016/02/18,,2,10
2016/02/19,,2,10
2016/02/20,,2,10
2016/02/21,,2,9
2016/02/22,,2,9
2016/02/23,,2,8
2016/02/24,,2,8
2016/02/25,,2,8
2016/02/26,,2,9
2016/02/27,,2,9
2016/02/28,,2,9
2016/02/29,,2,9
2016/03/01,,2,9
2016/03/02,,2,10
2016/03/03,,2,10
2016/03/04,,2,8
2016/03/05,,2,8
2016/03/06,,1,7
2016/03/07,,1,7
2016/03/08,,1,7
2016/03/09,,1,7
2016/03/10,,,7
2016/03/11,,,6
2016/03/12,,,6
2016/03/13,,,7
2016/03/14,,,8
2016/03/15,,,8
2016/03/16,,,7
2016/03/17,,,7
2016/03/18,,,7
2016/03/19,,,7
2016/03/20,,,7
2016/03/21,,,6
2016/03/22,,,6
2016/03/23,,,6
2016/03/24,,,6
2016/03/25,,,6
2016/03/26,,,6
2016/03/27,,1,6
2016/03/28,,1,7
2016/03/29,,1,8
2016/03/30,,2,10
2016/03/31,,2,10
2016/04/01,,2,9
2016/04/02,,2,9
2016/04/03,,2,9
2016/04/04,,2,8
2016/04/05,,2,9
2016/04/06,,2,9
2016/04/07,,2,9
2016/04/08,,2,9
2016/04/09,,2,9
2016/04/10,,2,9
2016/04/11,,2,9
2016/04/12,,2,8
2016/04/13,,2,7
2016/04/14,,2,7
2016/04/15,,2,7
2016/04/16,,2,8
2016/04/17,,2,8
2016/04/18,,2,9
2016/04/19,,2,9
2016/04/20,,2,9
2016/04/21,,2,9
2016/04/22,,2,9
2016/04/23,,2,9
2016/04/24,,2,9
2016/04/25,,2,9
2016/04/26,,1,9
2016/04/27,,1,8
2016/04/28,,1,7
2016/04/29,,,4
2016/04/30,,,4
2016/05/01,,,4
2016/05/02,,,4
2016/05/03,,,4
2016/05/04,,,4
2016/05/05,,,3
2016/05/06,,,3
2016/05/07,,,2
2016/05/08,,,2
2016/05/09,,,2
2016/05/10,,,3
2016/05/11,,,3
2016/05/12,,,3
2016/05/13,,,4
2016/05/14,,,4
2016/05/15,,,4
2016/05/16,,,3
2016/05/17,,,3
2016/05/18,,,2
2016/05/19,,,2
2016/05/20,,,2
2016/05/21,,,2
2016/05/22,,,2
2016/05/23,,,2
2016/05/24,,,3
2016/05/25,,,3
2016/05/26,,,3
2016/05/27,,,4
2016/05/28,,,3
2016/05/29,,,3
2016/05/30,,,3
2016/05/31,,,3
2016/06/01,,,3
2016/06/02,,,3
2016/06/03,,,4
2016/06/04,,,4
2016/06/05,,,4
2016/06/06,,,5
2016/06/07,,,5
2016/06/08,,,5
2016/06/09,,,4
2016/06/10,,,4
2016/06/11,,,4
2016/06/12,,,3
2016/06/13,,,3
2016/06/14,,,3
2016/06/15,,,3
2016/06/16,,,3
2016/06/17,,,3
2016/06/18,,,3
2016/06/19,,,3
2016/06/20,,,3
2016/06/21,,,3
2016/06/22,,,3
2016/06/23,,,2
2016/06/24,,,2
2016/06/25,,,2
2016/06/26,,,2
2016/06/27,,,2
2016/06/28,,,2
2016/06/29,,,2
2016/06/30,,,2
2016/07/01,,,3
2016/07/02,,,3
2016/07/03,,,2
2016/07/04,,,2
2016/07/05,,,2
2016/07/06,,,2
2016/07/07,,,2
2016/07/08,,,2
2016/07/09,,,2
2016/07/10,,,2
2016/07/11,,,3
2016/07/12,,,3
2016/07/13,,,3
2016/07/14,,,3
2016/07/15,,,3
2016/07/16,,,3
2016/07/17,,,3
2016/07/18,,,3
2016/07/19,,,3
2016/07/20,,,3
2016/07/21,,,3
2016/07/22,,,3
2016/07/23,,,3
2016/07/24,,,3
2016/07/25,,,3
2016/07/26,,,3
2016/07/27,,,3
2016/07/28,,,3
2016/07/29,,,4
2016/07/30,,,5
2016/07/31,,,4
2016/08/01,,,4
2016/08/02,,,4
2016/08/03,,,4
2016/08/04,,,4
2016/08/05,,,4
2016/08/06,,,4
2016/08/07,,,5
2016/08/08,,,5
2016/08/09,,,5
2016/08/10,,,4
2016/08/11,,,4
2016/08/12,,,5
